run_date,pair,is_real,p_value,coint_5pct,coint_bonf,current_z,oos_sharpe
2026-07-03,HDFCBANK.NS/ICICIBANK.NS,True,0.147763575412837,False,False,1.5178628476471316,-0.434687924060821
2026-07-03,AXISBANK.NS/ICICIBANK.NS,True,0.8743665169146528,False,False,3.5845841765828217,0.3258911813624874
2026-07-03,KOTAKBANK.NS/HDFCBANK.NS,True,0.1533481530950504,False,False,0.846353106627638,-0.2421374270205711
2026-07-03,SBIN.NS/BANKBARODA.NS,True,0.2160392046903612,False,False,-2.0772484329387804,0.8276611904464414
2026-07-03,TCS.NS/INFY.NS,True,0.3835353898432129,False,False,0.189061265514663,0.9761577934835908
2026-07-03,INFY.NS/WIPRO.NS,True,0.1940708750193404,False,False,-0.4475959388042198,1.5780780790283224
2026-07-03,HCLTECH.NS/TECHM.NS,True,0.281557206541526,False,False,0.929044623054302,0.2223337842882511
2026-07-03,ACC.NS/AMBUJACEM.NS,True,0.6773972454246249,False,False,-0.0912972234529625,0.443500874804217
2026-07-03,ULTRACEMCO.NS/SHREECEM.NS,True,0.140705414746567,False,False,3.117006885677365,0.2977479177169303
2026-07-03,IOC.NS/BPCL.NS,True,0.7715967235413002,False,False,1.7111986653045437,0.6165710074605979
2026-07-03,BPCL.NS/HINDPETRO.NS,True,0.363433338086847,False,False,0.3591485217721575,0.2098922191185148
2026-07-03,ONGC.NS/COALINDIA.NS,True,0.0605988437110233,False,False,1.3210065253625067,0.7911498070734578
2026-07-03,NTPC.NS/POWERGRID.NS,True,0.0823000154773785,False,False,1.0363338753753382,0.8234810444542712
2026-07-03,BAJAJ-AUTO.NS/HEROMOTOCO.NS,True,0.2095623970969716,False,False,-0.3463927083661668,-1.4123876210348243
2026-07-03,TATASTEEL.NS/JSWSTEEL.NS,True,0.9697087658826808,False,False,0.0827628299334815,0.5743323314170621
2026-07-03,SUNPHARMA.NS/CIPLA.NS,True,0.0074168357223888,True,False,0.9459573800828084,-0.435710612797817
2026-07-04,HDFCBANK.NS/ICICIBANK.NS,True,0.147763551130934,False,False,1.6307737661185913,-0.4518586967472369
2026-07-04,AXISBANK.NS/ICICIBANK.NS,True,0.87436650922587,False,False,3.963653987190957,0.2792862957432311
2026-07-04,KOTAKBANK.NS/HDFCBANK.NS,True,0.1533479503828379,False,False,0.7316808099824892,-0.2421373699964326
2026-07-04,SBIN.NS/BANKBARODA.NS,True,0.2160392573028034,False,False,-1.8645293374185912,0.8276615827492897
2026-07-04,TCS.NS/INFY.NS,True,0.3835360097080522,False,False,0.1426637528518162,0.9761577422055948
2026-07-04,INFY.NS/WIPRO.NS,True,0.1940708780129593,False,False,-0.4614269456548916,1.5780783464894252
2026-07-04,HCLTECH.NS/TECHM.NS,True,0.2815576833900352,False,False,0.5611400821071375,0.2223342240159307
2026-07-04,ACC.NS/AMBUJACEM.NS,True,0.6773965849244384,False,False,0.4660028058212029,0.4435008733297637
2026-07-04,ULTRACEMCO.NS/SHREECEM.NS,True,0.1607123444147577,False,False,3.072374502096772,0.3032594678039433
2026-07-04,IOC.NS/BPCL.NS,True,0.771596083102027,False,False,1.5177797901130836,0.6353587048008361
2026-07-04,BPCL.NS/HINDPETRO.NS,True,0.3634331233417188,False,False,0.451844116459129,0.2098944496181206
2026-07-04,ONGC.NS/COALINDIA.NS,True,0.0605989883172216,False,False,1.2184967899680348,0.839826151162662
2026-07-04,NTPC.NS/POWERGRID.NS,True,0.0822998919675588,False,False,1.0004790534686914,0.8234809263059912
2026-07-04,BAJAJ-AUTO.NS/HEROMOTOCO.NS,True,0.2095627838646277,False,False,-0.3195100735427942,-1.412387634467094
2026-07-04,TATASTEEL.NS/JSWSTEEL.NS,True,0.9697086855857336,False,False,0.076493299699736,0.5743322953071665
2026-07-04,SUNPHARMA.NS/CIPLA.NS,True,0.0074168149009416,True,False,1.0776645244346543,-0.4357109975796947
2026-07-06,HDFCBANK.NS/ICICIBANK.NS,True,0.1950798835834262,False,False,0.4681860864874254,-0.2970082333162808
2026-07-06,AXISBANK.NS/ICICIBANK.NS,True,0.9195889561710318,False,False,4.0321950944348535,0.2034125010969376
2026-07-06,KOTAKBANK.NS/HDFCBANK.NS,True,0.1712103858401419,False,False,2.9462389202780668,-0.243451363355729
2026-07-06,SBIN.NS/BANKBARODA.NS,True,0.2208110516355853,False,False,-1.9559924589194988,0.8294231677201955
2026-07-06,TCS.NS/INFY.NS,True,0.37390986083939,False,False,0.4784709164166932,0.9784789584597968
2026-07-06,INFY.NS/WIPRO.NS,True,0.1811321086842975,False,False,-0.6133976615976026,1.6508983085825983
2026-07-06,HCLTECH.NS/TECHM.NS,True,0.2721425822019906,False,False,0.5450890064412771,0.2237772982699617
2026-07-06,ACC.NS/AMBUJACEM.NS,True,0.7271744555957421,False,False,-0.083922307479924,0.5465452309117452
2026-07-06,ULTRACEMCO.NS/SHREECEM.NS,True,0.158648288369276,False,False,2.6796536266912607,0.336503018642988
2026-07-06,IOC.NS/BPCL.NS,True,0.8716591602025254,False,False,1.4156980454963313,0.7059922183500782
2026-07-06,BPCL.NS/HINDPETRO.NS,True,0.3279264298491599,False,False,0.5129937234143076,0.2099753208214054
2026-07-06,ONGC.NS/COALINDIA.NS,True,0.0601032416504216,False,False,0.7047996973650589,0.9881080536988284
2026-07-06,NTPC.NS/POWERGRID.NS,True,0.0627855134907153,False,False,0.6899942430655127,0.8221118803914009
2026-07-06,BAJAJ-AUTO.NS/HEROMOTOCO.NS,True,0.212816004123295,False,False,-0.3405789784653038,-1.414737357798701
2026-07-06,TATASTEEL.NS/JSWSTEEL.NS,True,0.9646685698923392,False,False,0.4281111157614672,0.2558248047138069
2026-07-06,SUNPHARMA.NS/CIPLA.NS,True,0.0077920537781028,True,False,1.255778463259735,-0.3948817617076316
2026-07-07,HDFCBANK.NS/ICICIBANK.NS,True,0.1173606241724131,False,False,0.0816023563622798,-0.3053756100827423
2026-07-07,AXISBANK.NS/ICICIBANK.NS,True,0.9286638180076536,False,False,3.132469812032218,0.2615707207842958
2026-07-07,KOTAKBANK.NS/HDFCBANK.NS,True,0.1710840746179088,False,False,2.745338823104342,-0.2402603795057139
2026-07-07,SBIN.NS/BANKBARODA.NS,True,0.2205163400019728,False,False,-2.066608003116388,0.8293979057342936
2026-07-07,TCS.NS/INFY.NS,True,0.3742874196210558,False,False,0.6943320116751067,0.9791030216585062
2026-07-07,INFY.NS/WIPRO.NS,True,0.1793541383401034,False,False,-1.335760837781206,1.66094216598113
2026-07-07,HCLTECH.NS/TECHM.NS,True,0.271308194213644,False,False,0.7683599666758417,0.2221703515093728
2026-07-07,ACC.NS/AMBUJACEM.NS,True,0.7105413734306488,False,False,-0.5259376511329162,0.5445230941223734
2026-07-07,ULTRACEMCO.NS/SHREECEM.NS,True,0.138304954471899,False,False,2.6261373357872144,0.2506847080721056
2026-07-07,IOC.NS/BPCL.NS,True,0.8949330943052883,False,False,2.456886732840041,0.4834781808268021
2026-07-07,BPCL.NS/HINDPETRO.NS,True,0.3221426890272101,False,False,0.2725632626577584,0.2100679324563893
2026-07-07,ONGC.NS/COALINDIA.NS,True,0.0609993504018621,False,False,0.565507564428778,1.0386416659811175
2026-07-07,NTPC.NS/POWERGRID.NS,True,0.0636721618033775,False,False,0.7529352740691119,0.8209335075649866
2026-07-07,BAJAJ-AUTO.NS/HEROMOTOCO.NS,True,0.226437566228985,False,False,-0.2128213126484041,-1.4147038602446818
2026-07-07,TATASTEEL.NS/JSWSTEEL.NS,True,0.9511960408677044,False,False,0.9691049216875304,0.2564483519059487
2026-07-07,SUNPHARMA.NS/CIPLA.NS,True,0.0059571472964013,True,False,0.8438025015328241,-0.1363945248361283
2026-07-08,HDFCBANK.NS/ICICIBANK.NS,True,0.1138253518478588,False,False,0.0104916604189366,-0.3043610581504756
2026-07-08,AXISBANK.NS/ICICIBANK.NS,True,0.9302512425153396,False,False,2.6597827332427446,0.2906489240454437
2026-07-08,KOTAKBANK.NS/HDFCBANK.NS,True,0.1710734231425253,False,False,2.636544223195167,-0.2492784606221794
2026-07-08,SBIN.NS/BANKBARODA.NS,True,0.222273422689119,False,False,-2.2106639400354373,0.32683258105563
2026-07-08,TCS.NS/INFY.NS,True,0.3854603882023273,False,False,1.1009250801359067,0.980243177120114
2026-07-08,INFY.NS/WIPRO.NS,True,0.1756216656576164,False,False,-1.2920542159826074,1.6893611105949573
2026-07-08,HCLTECH.NS/TECHM.NS,True,0.2629533852154981,False,False,0.7392934387876324,0.2206409596241817
2026-07-08,ACC.NS/AMBUJACEM.NS,True,0.7532239615140361,False,False,-0.9521602158959586,0.5420962168382841
2026-07-08,ULTRACEMCO.NS/SHREECEM.NS,True,0.1322476638241063,False,False,1.542436694559139,0.4262536612327957
2026-07-08,IOC.NS/BPCL.NS,True,0.8487789231543656,False,False,1.8266065626653487,0.8514916097308103
2026-07-08,BPCL.NS/HINDPETRO.NS,True,0.3079463085417162,False,False,-0.1307816355336178,0.1605644719579631
2026-07-08,ONGC.NS/COALINDIA.NS,True,0.0590964550858106,False,False,0.3982512538160818,1.100297142574727
2026-07-08,NTPC.NS/POWERGRID.NS,True,0.0754450773562116,False,False,0.7235545168701165,0.8197142819339021
2026-07-08,BAJAJ-AUTO.NS/HEROMOTOCO.NS,True,0.2324087383310707,False,False,-0.7999101819619895,-1.4146599098064705
2026-07-08,TATASTEEL.NS/JSWSTEEL.NS,True,0.9434328942523093,False,False,-0.0271953809083398,0.2578502825808563
2026-07-08,SUNPHARMA.NS/CIPLA.NS,True,0.0049554348369522,True,False,0.5605678022174614,-0.1339755961655339
2026-07-09,HDFCBANK.NS/ICICIBANK.NS,True,0.1138254050328027,False,False,-0.3946116528633022,-0.3038509976718128
2026-07-09,AXISBANK.NS/ICICIBANK.NS,True,0.930251304974814,False,False,2.778714611704232,0.245192775822114
2026-07-09,KOTAKBANK.NS/HDFCBANK.NS,True,0.1710734147776051,False,False,2.334364864185482,-0.210385291018465
2026-07-09,SBIN.NS/BANKBARODA.NS,True,0.2222732968846029,False,False,-1.8425854295007176,0.4048131060188232
2026-07-09,TCS.NS/INFY.NS,True,0.3854600539727782,False,False,0.7485887142897154,0.9785967418682778
2026-07-09,INFY.NS/WIPRO.NS,True,0.1756219167347141,False,False,-0.9281685640892084,1.68650162323139
2026-07-09,HCLTECH.NS/TECHM.NS,True,0.2629534584663381,False,False,0.6079513390348851,0.2202724707054136
2026-07-09,ACC.NS/AMBUJACEM.NS,True,0.7532238473521181,False,False,-0.8752271145455043,0.5411875472059448
2026-07-09,ULTRACEMCO.NS/SHREECEM.NS,True,0.1322478725623975,False,False,1.8984827891943787,0.342691386737362
2026-07-09,IOC.NS/BPCL.NS,True,0.8487784171532079,False,False,2.450340858493683,0.7583461849413665
2026-07-09,BPCL.NS/HINDPETRO.NS,True,0.3079460760882417,False,False,-0.2934185045731098,0.1602956976682164
2026-07-09,ONGC.NS/COALINDIA.NS,True,0.0590962082806358,False,False,0.5738726921614393,1.0927022398898845
2026-07-09,NTPC.NS/POWERGRID.NS,True,0.0754447164624916,False,False,1.45234125092286,0.8183375296119777
2026-07-09,BAJAJ-AUTO.NS/HEROMOTOCO.NS,True,0.2324083967451969,False,False,-0.7261069808960302,-1.4122734615394263
2026-07-09,TATASTEEL.NS/JSWSTEEL.NS,True,0.943432882193533,False,False,0.2639623835682694,0.2574186312371974
2026-07-09,SUNPHARMA.NS/CIPLA.NS,True,0.0049554613158209,True,False,0.1552582232759322,-0.1337516610098139
2026-07-10,HDFCBANK.NS/ICICIBANK.NS,True,0.1141804444502703,False,False,-0.1284658479030831,-0.3049720790124871
2026-07-10,AXISBANK.NS/ICICIBANK.NS,True,0.9326917050114778,False,False,2.488930936143579,0.2599855974496965
2026-07-10,KOTAKBANK.NS/HDFCBANK.NS,True,0.1723662540407123,False,False,2.424052837204862,-0.2634307438017697
2026-07-10,SBIN.NS/BANKBARODA.NS,True,0.217562953292888,False,False,-1.4873457691862966,0.4915571115694703
2026-07-10,TCS.NS/INFY.NS,True,0.3993825749540414,False,False,0.8914989293592576,0.9796445049558348
2026-07-10,INFY.NS/WIPRO.NS,True,0.1728069109854352,False,False,-0.9035199319602656,1.7365066044414113
2026-07-10,HCLTECH.NS/TECHM.NS,True,0.258257648513472,False,False,0.9476583040296586,0.2198979900636522
2026-07-10,ACC.NS/AMBUJACEM.NS,True,0.7257623658468023,False,False,-0.3319842915847373,1.106840560648637
2026-07-10,ULTRACEMCO.NS/SHREECEM.NS,True,0.105939364020248,False,False,2.1001219086337213,0.2839463528511903
2026-07-10,IOC.NS/BPCL.NS,True,0.7699467318163615,False,False,2.364364312388956,0.7508016107888984
2026-07-10,BPCL.NS/HINDPETRO.NS,True,0.3068072470097539,False,False,-0.2624444366320138,-0.0737685450953085
2026-07-10,ONGC.NS/COALINDIA.NS,True,0.0583286135436187,False,False,0.4623487289681817,1.0926923171569418
2026-07-10,NTPC.NS/POWERGRID.NS,True,0.0757883008499585,False,False,1.5609207242416794,0.8182093105871524
2026-07-10,BAJAJ-AUTO.NS/HEROMOTOCO.NS,True,0.2337256274481692,False,False,-0.4432396311316143,-1.4122626991060183
2026-07-10,TATASTEEL.NS/JSWSTEEL.NS,True,0.9103973582294136,False,False,0.7271334154303276,0.2575761229140947
2026-07-10,SUNPHARMA.NS/CIPLA.NS,True,0.0054194422936864,True,False,0.1260059769992632,-0.1332527486334763
2026-07-13,HDFCBANK.NS/ICICIBANK.NS,True,0.1298512078771864,False,False,0.5595854964028313,-0.3073789023494957
2026-07-13,AXISBANK.NS/ICICIBANK.NS,True,0.9518856561534244,False,False,2.6490781621211648,0.2088516300983569
2026-07-13,KOTAKBANK.NS/HDFCBANK.NS,True,0.2050145930583303,False,False,1.7153421511570446,0.0633973901662084
2026-07-13,SBIN.NS/BANKBARODA.NS,True,0.2402069614836035,False,False,-1.492061957401999,0.4792486153942947
2026-07-13,TCS.NS/INFY.NS,True,0.3893104092695605,False,False,0.2922782319564748,0.9817597967739574
2026-07-13,INFY.NS/WIPRO.NS,True,0.1655787372913946,False,False,-1.1656165687154247,1.7308264859160745
2026-07-13,HCLTECH.NS/TECHM.NS,True,0.2273924891070903,False,False,1.0385039192089889,0.2108354634911793
2026-07-13,ACC.NS/AMBUJACEM.NS,True,0.7831507078877724,False,False,-0.8432596363233893,1.166209921332372
2026-07-13,ULTRACEMCO.NS/SHREECEM.NS,True,0.1082278179718034,False,False,1.850146075677332,0.3159321714063958
2026-07-13,IOC.NS/BPCL.NS,True,0.7518775925184282,False,False,1.5248730273137563,0.7479946592871414
2026-07-13,BPCL.NS/HINDPETRO.NS,True,0.3210248098820943,False,False,-0.3812914682698818,-0.0736173128971768
2026-07-13,ONGC.NS/COALINDIA.NS,True,0.044678374126769,True,False,0.2783523515570222,1.0937716190407376
2026-07-13,NTPC.NS/POWERGRID.NS,True,0.1020972001281591,False,False,1.1638761496281818,0.9058626351656692
2026-07-13,BAJAJ-AUTO.NS/HEROMOTOCO.NS,True,0.2120958809318309,False,False,-0.9021300780046452,-1.4145990947590106
2026-07-13,TATASTEEL.NS/JSWSTEEL.NS,True,0.8831870289909705,False,False,0.9132661141980092,0.2583039419794689
2026-07-13,SUNPHARMA.NS/CIPLA.NS,True,0.0039201397269224,True,False,-0.0121210878813711,-0.1254711821581909
2026-07-14,HDFCBANK.NS/ICICIBANK.NS,True,0.1255209380726602,False,False,0.9984080680630664,-0.3080507008021165
2026-07-14,AXISBANK.NS/ICICIBANK.NS,True,0.95506773570411,False,False,2.4741357503739363,0.0552859755002696
2026-07-14,KOTAKBANK.NS/HDFCBANK.NS,True,0.2007401925950331,False,False,1.747476756295668,-0.0707239067949378
2026-07-14,SBIN.NS/BANKBARODA.NS,True,0.2482037382628957,False,False,-1.4070994226786742,0.4932433727370762
2026-07-14,TCS.NS/INFY.NS,True,0.388444317514156,False,False,-0.1801334194733314,0.9825528506773152
2026-07-14,INFY.NS/WIPRO.NS,True,0.1666649451486052,False,False,-1.1519657637745349,1.7320775392953074
2026-07-14,HCLTECH.NS/TECHM.NS,True,0.2314596727996579,False,False,1.5744117340470585,0.2059889888801304
2026-07-14,ACC.NS/AMBUJACEM.NS,True,0.7770168037131893,False,False,-0.4679353637873786,1.1650190069147557
2026-07-14,ULTRACEMCO.NS/SHREECEM.NS,True,0.1042714862241246,False,False,1.6475031570356091,0.3435970537330331
2026-07-14,IOC.NS/BPCL.NS,True,0.7961857933739147,False,False,2.037391744580664,0.6734610035470971
2026-07-14,BPCL.NS/HINDPETRO.NS,True,0.3017670154121347,False,False,-0.7154485432196456,-0.0736849211659426
2026-07-14,ONGC.NS/COALINDIA.NS,True,0.0478372189403967,True,False,0.2437674326402451,1.0934289784707705
2026-07-14,NTPC.NS/POWERGRID.NS,True,0.1201979596948066,False,False,1.5262960155670189,0.8758991340070332
2026-07-14,BAJAJ-AUTO.NS/HEROMOTOCO.NS,True,0.2032016402066689,False,False,-0.804774048483573,-1.363006205600707
2026-07-14,TATASTEEL.NS/JSWSTEEL.NS,True,0.7183894595976194,False,False,1.2223866012255171,0.2580562409359073
2026-07-14,SUNPHARMA.NS/CIPLA.NS,True,0.0032099802697774,True,False,-0.0225527410673408,-0.1261041503340615
2026-07-15,HDFCBANK.NS/ICICIBANK.NS,True,0.0953495632362806,False,False,0.9284430133867818,-0.3090187146185744
2026-07-15,AXISBANK.NS/ICICIBANK.NS,True,0.9491255282242322,False,False,2.6230781183512355,-0.0006718189064332
2026-07-15,KOTAKBANK.NS/HDFCBANK.NS,True,0.1755288623330878,False,False,1.9038199809606444,-0.1094131178637293
2026-07-15,SBIN.NS/BANKBARODA.NS,True,0.2913836591567805,False,False,-1.4914627601696124,0.4524249043853982
2026-07-15,TCS.NS/INFY.NS,True,0.3934145675073333,False,False,-0.5798109717693894,0.9838433328441452
2026-07-15,INFY.NS/WIPRO.NS,True,0.1727289350749573,False,False,-1.1483202147134195,1.7332816529274122
2026-07-15,HCLTECH.NS/TECHM.NS,True,0.2134673403933065,False,False,1.8188681827391533,-0.1993306539521426
2026-07-15,ACC.NS/AMBUJACEM.NS,True,0.7683966815487139,False,False,-0.3987260387277867,1.1637063147000852
2026-07-15,ULTRACEMCO.NS/SHREECEM.NS,True,0.0919221095988221,False,False,2.165448567483271,0.2117370363021709
2026-07-15,IOC.NS/BPCL.NS,True,0.768655229116352,False,False,1.6980433301875906,0.698967516612321
2026-07-15,BPCL.NS/HINDPETRO.NS,True,0.310510727652658,False,False,-0.5177044702856272,-0.0736275782497715
2026-07-15,ONGC.NS/COALINDIA.NS,True,0.0443684338373208,True,False,0.2175997522455639,1.0930665677570264
2026-07-15,NTPC.NS/POWERGRID.NS,True,0.1103370170892388,False,False,1.196239391433954,0.4266479480144791
2026-07-15,BAJAJ-AUTO.NS/HEROMOTOCO.NS,True,0.2084532550278654,False,False,-1.1901477199646169,-1.3629234721026735
2026-07-15,TATASTEEL.NS/JSWSTEEL.NS,True,0.702426073061854,False,False,0.5963485585627217,0.2583873675099772
2026-07-15,SUNPHARMA.NS/CIPLA.NS,True,0.0032526451257254,True,False,-0.1615988256026944,-0.1238054299153343
2026-07-16,HDFCBANK.NS/ICICIBANK.NS,False,0.0029637237731669,True,True,-1.548413615890856,1.127498139518094
2026-07-16,AXISBANK.NS/ICICIBANK.NS,True,0.9491255104370931,False,False,2.5741484040909857,-0.0269158484363398
2026-07-16,KOTAKBANK.NS/HDFCBANK.NS,True,0.1755286821940221,False,False,1.7034123917500177,-0.0705461073549144
2026-07-16,SBIN.NS/BANKBARODA.NS,True,0.291383439023177,False,False,-1.4619625133435472,0.4495226431748819
2026-07-16,TCS.NS/INFY.NS,True,0.3934143491436448,False,False,-0.5920004106058705,0.9821904085495424
2026-07-16,INFY.NS/WIPRO.NS,True,0.1727287880753341,False,False,-0.8356008458568308,1.7303457190229954
2026-07-16,HCLTECH.NS/TECHM.NS,True,0.2134668701344036,False,False,1.7085940262886454,-0.1835889804340873
2026-07-16,ACC.NS/AMBUJACEM.NS,True,0.7683963002447,False,False,-0.2340046793031042,1.1617482240761667
2026-07-16,ULTRACEMCO.NS/SHREECEM.NS,True,0.0919220923765006,False,False,2.1680969156552017,0.1828486500680033
2026-07-16,IOC.NS/BPCL.NS,True,0.7686549330174528,False,False,1.5680132536286844,0.7067085479216689
2026-07-16,BPCL.NS/HINDPETRO.NS,True,0.3105097619717008,False,False,-0.3931315258654572,-0.0735046104538345
2026-07-16,ONGC.NS/COALINDIA.NS,True,0.0443685323975571,True,False,0.2136155442841829,1.091228094604827
2026-07-16,NTPC.NS/POWERGRID.NS,True,0.1103363439285317,False,False,1.3524112624054765,0.4259333545981754
2026-07-16,BAJAJ-AUTO.NS/HEROMOTOCO.NS,True,0.2084529822026852,False,False,-1.0548317788409345,-1.3606258056124094
2026-07-16,TATASTEEL.NS/JSWSTEEL.NS,True,0.7024255206764787,False,False,0.2311483371042059,0.2579547379824861
2026-07-16,SUNPHARMA.NS/CIPLA.NS,True,0.0032526184257337,True,False,-0.3569706406963288,-0.1235976385819633
2026-07-17,HDFCBANK.NS/ICICIBANK.NS,True,0.0910963226089021,False,False,1.5788536206407802,-0.3090408955265326
2026-07-17,AXISBANK.NS/ICICIBANK.NS,True,0.92150671747676,False,False,2.5645285227640726,-0.0699306946126983
2026-07-17,KOTAKBANK.NS/HDFCBANK.NS,True,0.155753866458607,False,False,1.285184119873683,0.0269470286983542
2026-07-17,SBIN.NS/BANKBARODA.NS,True,0.2934464368716089,False,False,-1.761655698232931,0.3362671984180803
2026-07-17,TCS.NS/INFY.NS,True,0.3946720457250406,False,False,-1.1284786533255715,0.9831732867186448
2026-07-17,INFY.NS/WIPRO.NS,True,0.1746631332320163,False,False,-1.2752511299059512,1.7306762632986166
2026-07-17,HCLTECH.NS/TECHM.NS,True,0.2123074448656134,False,False,2.644186913398129,-0.3416027805144734
2026-07-17,ACC.NS/AMBUJACEM.NS,True,0.7789430548786771,False,False,0.5288598442368329,1.0653690733135168
2026-07-17,ULTRACEMCO.NS/SHREECEM.NS,True,0.0912749543152161,False,False,1.5908814196541188,0.2927990050594732
2026-07-17,IOC.NS/BPCL.NS,True,0.7749585391045415,False,False,2.145319124133968,0.6098836387159103
2026-07-17,BPCL.NS/HINDPETRO.NS,True,0.3088461044402744,False,False,-1.000454737250652,-0.0730000864093384
2026-07-17,ONGC.NS/COALINDIA.NS,True,0.1194553025490595,False,False,0.2074410804762137,1.1742970129669867
2026-07-17,NTPC.NS/POWERGRID.NS,True,0.0929369425594638,False,False,1.6803119437962957,0.4258648402720633
2026-07-17,BAJAJ-AUTO.NS/HEROMOTOCO.NS,True,0.194347705800932,False,False,-1.233943100592284,-1.3762642443120845
2026-07-17,TATASTEEL.NS/JSWSTEEL.NS,True,0.8597837263399416,False,False,0.9958791589149956,0.2579362636810826
2026-07-17,SUNPHARMA.NS/CIPLA.NS,True,0.0031669184610129,True,False,-0.3932096833906842,-0.123354408852819
2026-07-20,HDFCBANK.NS/ICICIBANK.NS,False,0.0029637237731668,True,True,-1.5484136158908754,1.127498139518097
2026-07-20,AXISBANK.NS/ICICIBANK.NS,True,0.92595395525661,False,False,3.798825314512288,-0.3844272619698465
2026-07-20,KOTAKBANK.NS/HDFCBANK.NS,True,0.1523753279727743,False,False,0.4281547516256231,0.2468249465119661
2026-07-20,SBIN.NS/BANKBARODA.NS,True,0.198922471732927,False,False,-1.3641299039123935,0.4576108157197994
2026-07-20,TCS.NS/INFY.NS,True,0.4117721933238916,False,False,-1.1486343264583256,0.985411721526034
2026-07-20,INFY.NS/WIPRO.NS,True,0.1749175536977932,False,False,-1.0246746224882266,1.7358032178472138
2026-07-20,HCLTECH.NS/TECHM.NS,True,0.2590841282867406,False,False,2.3474642352416306,-0.314818081710735
2026-07-20,ACC.NS/AMBUJACEM.NS,True,0.784928618071686,False,False,0.2554768491519781,1.0627040258762095
2026-07-20,ULTRACEMCO.NS/SHREECEM.NS,True,0.1792659871916539,False,False,1.7954944001130824,0.2285970987550046
2026-07-20,IOC.NS/BPCL.NS,True,0.7476508069960306,False,False,2.157989270051828,0.5913664862474304
2026-07-20,BPCL.NS/HINDPETRO.NS,True,0.3158501683182282,False,False,-0.8266171539590128,-0.0726483092484449
2026-07-20,ONGC.NS/COALINDIA.NS,True,0.0360297331458187,True,False,0.0773045523079718,0.8423253870669546
2026-07-20,NTPC.NS/POWERGRID.NS,True,0.0799761308805088,False,False,1.6874854847304677,0.4241933166928385
2026-07-20,BAJAJ-AUTO.NS/HEROMOTOCO.NS,True,0.1885412424428716,False,False,-0.9875174173458304,-1.3233998198288972
2026-07-20,TATASTEEL.NS/JSWSTEEL.NS,True,0.8892002591884718,False,False,1.866891551485118,0.2589292158501142
2026-07-20,SUNPHARMA.NS/CIPLA.NS,True,0.0021537889621695,True,True,-0.1111905799955844,-0.117600603949323
2026-07-21,HDFCBANK.NS/ICICIBANK.NS,False,0.0029637237731668,True,True,-1.5484136158908754,1.127498139518097
2026-07-21,AXISBANK.NS/ICICIBANK.NS,True,0.9165730047080092,False,False,3.370338479197272,-0.3869317583269895
2026-07-21,KOTAKBANK.NS/HDFCBANK.NS,True,0.1428327833335219,False,False,-0.2819926401173167,0.2362133394661595
2026-07-21,SBIN.NS/BANKBARODA.NS,True,0.1900875374295186,False,False,-1.6480088497633043,0.3564849078424044
2026-07-21,TCS.NS/INFY.NS,True,0.4247150655078199,False,False,-1.138765195782382,0.9859987017075804
2026-07-21,INFY.NS/WIPRO.NS,True,0.1879103622801131,False,False,-0.931299162036969,1.7365148605943406
2026-07-21,HCLTECH.NS/TECHM.NS,True,0.287968988542961,False,False,1.9105723607352467,-0.2607400550014979
2026-07-21,ACC.NS/AMBUJACEM.NS,True,0.803223406999943,False,False,0.5877831261036714,1.0607297372042266
2026-07-21,ULTRACEMCO.NS/SHREECEM.NS,True,0.2103053710229448,False,False,2.02883781462064,0.1497019330892427
2026-07-21,IOC.NS/BPCL.NS,True,0.770863426953014,False,False,2.067499451937596,0.5872394822264937
2026-07-21,BPCL.NS/HINDPETRO.NS,True,0.3152893160152893,False,False,-1.0355524264753302,-0.0721688069690209
2026-07-21,ONGC.NS/COALINDIA.NS,True,0.0355108762687432,True,False,0.0934043752805713,0.8414775892572031
2026-07-21,NTPC.NS/POWERGRID.NS,True,0.0826679581111274,False,False,1.2856342601158746,0.4234571709094442
2026-07-21,BAJAJ-AUTO.NS/HEROMOTOCO.NS,True,0.1893475390014697,False,False,-0.2634716251575786,-1.1721133070522765
2026-07-21,TATASTEEL.NS/JSWSTEEL.NS,True,0.694853704754823,False,False,2.1517966084048683,0.2580563170915114
2026-07-21,SUNPHARMA.NS/CIPLA.NS,True,0.0016727544090133,True,True,-0.4217423289536279,-0.1156829666114114
2026-07-22,HDFCBANK.NS/ICICIBANK.NS,True,0.1074505166699563,False,False,3.358282661743241,-0.4069518834637009
2026-07-22,AXISBANK.NS/ICICIBANK.NS,True,0.9274321610358716,False,False,2.979088973477411,-0.3670634667249183
2026-07-22,KOTAKBANK.NS/HDFCBANK.NS,True,0.1710948565629343,False,False,-0.2570118864129059,0.1284367546710217
2026-07-22,SBIN.NS/BANKBARODA.NS,True,0.1904757546980845,False,False,-1.4616054618874728,0.4100882215160013
2026-07-22,TCS.NS/INFY.NS,True,0.4292794617581499,False,False,-1.547206679808789,0.987703976535457
2026-07-22,INFY.NS/WIPRO.NS,True,0.190023470537402,False,False,-0.5791571026714178,1.7365838287096995
2026-07-22,HCLTECH.NS/TECHM.NS,True,0.3231380310443436,False,False,1.4886092086395413,-0.2112126585345747
2026-07-22,ACC.NS/AMBUJACEM.NS,True,0.7907403382264317,False,False,-0.0300969696424279,1.0588695993926724
2026-07-22,ULTRACEMCO.NS/SHREECEM.NS,True,0.2837048612209,False,False,1.483959644336625,0.262329575108052
2026-07-22,IOC.NS/BPCL.NS,True,0.7871337579024594,False,False,1.492243959486239,0.662870793280082
2026-07-22,BPCL.NS/HINDPETRO.NS,True,0.3151996695664895,False,False,-1.6646126661676646,-0.071727646921252
2026-07-22,ONGC.NS/COALINDIA.NS,True,0.0302742525529399,True,False,-0.1470369707217025,0.8404917970733436
2026-07-22,NTPC.NS/POWERGRID.NS,True,0.080325977532291,False,False,1.3552500856655714,0.4227748681459562
2026-07-22,BAJAJ-AUTO.NS/HEROMOTOCO.NS,True,0.1763132210799494,False,False,-2.3280444985201143,-1.2208797175684434
2026-07-22,TATASTEEL.NS/JSWSTEEL.NS,True,0.9387163623511532,False,False,2.1188387899532204,0.2359380347458636
2026-07-22,SUNPHARMA.NS/CIPLA.NS,True,0.0017277730601222,True,True,-0.6376188463346328,-0.113682441248669
2026-07-23,HDFCBANK.NS/ICICIBANK.NS,True,0.1074505622466939,False,False,3.1061204134457863,-0.4252910719258022
2026-07-23,AXISBANK.NS/ICICIBANK.NS,True,0.9274321553745462,False,False,2.836528574314793,-0.3969285158167584
2026-07-23,KOTAKBANK.NS/HDFCBANK.NS,True,0.1710953309397248,False,False,-0.5576570702666828,0.1282217132347172
2026-07-23,SBIN.NS/BANKBARODA.NS,True,0.1904755374230573,False,False,-1.4462217307032017,0.4090427069582791
2026-07-23,TCS.NS/INFY.NS,True,0.4292805547454039,False,False,-2.10917798255242,0.9860443680954882
2026-07-23,INFY.NS/WIPRO.NS,True,0.1900236731158191,False,False,-0.418762021690023,1.7336423168434494
2026-07-23,HCLTECH.NS/TECHM.NS,True,0.3231378697847819,False,False,1.1736065445119277,-0.1673459635121791
2026-07-23,ACC.NS/AMBUJACEM.NS,True,0.7907403841480163,False,False,-0.2862695556806745,1.0570895478097058
2026-07-23,ULTRACEMCO.NS/SHREECEM.NS,True,0.283704700898868,False,False,1.543428635958236,0.2349394668812154
2026-07-23,IOC.NS/BPCL.NS,True,0.7871339918433036,False,False,1.3717023744396653,0.6721153493387618
2026-07-23,BPCL.NS/HINDPETRO.NS,True,0.3152000340614272,False,False,-2.252637012751608,-0.0716078925233132
2026-07-23,ONGC.NS/COALINDIA.NS,True,0.0302743291225076,True,False,-0.240526841236105,0.8390796298450569
2026-07-23,NTPC.NS/POWERGRID.NS,True,0.0803255848955737,False,False,1.5308682381700571,0.4220669736280954
2026-07-23,BAJAJ-AUTO.NS/HEROMOTOCO.NS,True,0.1763131010567718,False,False,-1.768015429761299,-1.1448075462938638
2026-07-23,TATASTEEL.NS/JSWSTEEL.NS,True,0.9387163850845224,False,False,1.42515103328364,0.338724241018117
2026-07-23,SUNPHARMA.NS/CIPLA.NS,True,0.0017277737518935,True,True,-1.3801220575808324,-0.1134924522349371
2026-07-24,HDFCBANK.NS/ICICIBANK.NS,True,0.1068278050783612,False,False,2.9384872239644992,-0.4539171835425808
2026-07-24,AXISBANK.NS/ICICIBANK.NS,True,0.9294369370358998,False,False,2.551000732618381,-0.3735009880427657
2026-07-24,KOTAKBANK.NS/HDFCBANK.NS,True,0.1678408500949215,False,False,-0.7594736916771067,0.124186659823375
2026-07-24,SBIN.NS/BANKBARODA.NS,True,0.1788163325461302,False,False,-1.2227911952060253,0.4790139495695588
2026-07-24,TCS.NS/INFY.NS,True,0.4143054123917005,False,False,-2.365316945244796,0.8968837707213346
2026-07-24,INFY.NS/WIPRO.NS,True,0.1922658087805204,False,False,0.0330989575097756,1.7337161778678367
2026-07-24,HCLTECH.NS/TECHM.NS,True,0.3398823989496068,False,False,0.7049785974482864,-0.0978111906312096
2026-07-24,ACC.NS/AMBUJACEM.NS,True,0.8155228097646898,False,False,-0.3052801929795898,1.0558344613286186
2026-07-24,ULTRACEMCO.NS/SHREECEM.NS,True,0.3114884235898494,False,False,1.4376598834514562,0.2518395369454975
2026-07-24,IOC.NS/BPCL.NS,True,0.8191348999191908,False,False,1.7530330894114952,0.5995931016067739
2026-07-24,BPCL.NS/HINDPETRO.NS,True,0.3227370214074255,False,False,-2.7849255065196177,-0.1594560533094917
2026-07-24,ONGC.NS/COALINDIA.NS,True,0.0300332693420239,True,False,-0.0288651274087777,0.8390908653472559
2026-07-24,NTPC.NS/POWERGRID.NS,True,0.0793339434549115,False,False,1.4329751839259612,0.421985939195973
2026-07-24,BAJAJ-AUTO.NS/HEROMOTOCO.NS,True,0.1748142385799652,False,False,-1.900707239822494,-1.3532665540023572
2026-07-24,TATASTEEL.NS/JSWSTEEL.NS,True,0.7680051868690032,False,False,1.32226228314786,0.3461011866997079
2026-07-24,SUNPHARMA.NS/CIPLA.NS,True,0.0017020296845225,True,True,-0.7903978057388898,-0.1134104248003236
2026-07-27,HDFCBANK.NS/ICICIBANK.NS,True,0.097339437535583,False,False,2.991360640805345,-0.5216573078296047
2026-07-27,AXISBANK.NS/ICICIBANK.NS,True,0.9261060225544572,False,False,2.541093834506156,-0.4081431932635269
2026-07-27,KOTAKBANK.NS/HDFCBANK.NS,True,0.1657045809839901,False,False,-0.8226500764086357,0.1132234420926675
2026-07-27,SBIN.NS/BANKBARODA.NS,True,0.1841561187975463,False,False,-1.4807383841309305,0.3867523344796372
2026-07-27,TCS.NS/INFY.NS,True,0.4093742843795233,False,False,-1.9279242328277988,1.2568449297396032
2026-07-27,INFY.NS/WIPRO.NS,True,0.1876557860821581,False,False,-0.2043812433121329,1.6647662521540647
2026-07-27,HCLTECH.NS/TECHM.NS,True,0.2980261691448594,False,False,0.5468510942692437,-0.0916967631194315
2026-07-27,ACC.NS/AMBUJACEM.NS,True,0.8184785831830028,False,False,0.0545782550263079,0.5663417973039064
2026-07-27,ULTRACEMCO.NS/SHREECEM.NS,True,0.2963529816249985,False,False,1.4957340283837854,0.226133675128328
2026-07-27,IOC.NS/BPCL.NS,True,0.7957500424247296,False,False,1.778477012034378,0.5831308876629039
2026-07-27,BPCL.NS/HINDPETRO.NS,True,0.3162512418217016,False,False,-2.180086374912984,-0.082619832582692
2026-07-27,ONGC.NS/COALINDIA.NS,True,0.0263149369880748,True,False,0.5730506079654549,0.8373262777411175
2026-07-27,NTPC.NS/POWERGRID.NS,True,0.0780072514774497,False,False,1.1481192927507122,0.3801578282048907
2026-07-27,BAJAJ-AUTO.NS/HEROMOTOCO.NS,True,0.1778206747854984,False,False,-1.2526524989220718,-1.2560399559612678
2026-07-27,TATASTEEL.NS/JSWSTEEL.NS,True,0.7541740478021428,False,False,1.2387465735582686,0.3530734803705594
2026-07-27,SUNPHARMA.NS/CIPLA.NS,True,0.0104692583242119,True,False,-1.254808151409167,-0.1075829537875802
2026-07-28,HDFCBANK.NS/ICICIBANK.NS,True,0.1357687083354091,False,False,2.646394905302341,-0.4887436196962079
2026-07-28,AXISBANK.NS/ICICIBANK.NS,True,0.9282602517513008,False,False,2.240471276193324,-0.3629187937025278
2026-07-28,KOTAKBANK.NS/HDFCBANK.NS,True,0.1745548050045853,False,False,-0.954263193771007,0.1089169402998288
2026-07-28,SBIN.NS/BANKBARODA.NS,True,0.1712683477441308,False,False,-1.6910157572527114,0.3029322036842313
2026-07-28,TCS.NS/INFY.NS,True,0.4015030314265549,False,False,-2.469394654599808,1.344176685277856
2026-07-28,INFY.NS/WIPRO.NS,True,0.1898754145707158,False,False,-0.3327349699327846,1.665497477201665
2026-07-28,HCLTECH.NS/TECHM.NS,True,0.3030670307828077,False,False,1.5376940515010284,-0.2564757898369426
2026-07-28,ACC.NS/AMBUJACEM.NS,True,0.8050010355034631,False,False,-0.19134055156385,0.5651944764623235
2026-07-28,ULTRACEMCO.NS/SHREECEM.NS,True,0.2939331919134181,False,False,1.4038939083387043,0.2368240577469488
2026-07-28,IOC.NS/BPCL.NS,True,0.796028368610775,False,False,2.287280034450051,0.4752294583278558
2026-07-28,BPCL.NS/HINDPETRO.NS,True,0.3232601760706955,False,False,-2.032975567500524,-0.069689365179037
2026-07-28,ONGC.NS/COALINDIA.NS,True,0.0193392301322535,True,False,-0.0997918721456189,0.8362138667273906
2026-07-28,NTPC.NS/POWERGRID.NS,True,0.0724912381087621,False,False,1.3515652051438252,0.3795965485625867
2026-07-28,BAJAJ-AUTO.NS/HEROMOTOCO.NS,True,0.1792605420567701,False,False,-1.5018229172393536,-1.2973698935110765
2026-07-28,TATASTEEL.NS/JSWSTEEL.NS,True,0.6922116359751472,False,False,1.556735575983065,0.2946175076673631
2026-07-28,SUNPHARMA.NS/CIPLA.NS,True,0.0095207642584145,True,False,-0.3623856582726848,-0.1068379621654513
2026-07-29,HDFCBANK.NS/ICICIBANK.NS,False,0.0029637237731668,True,True,-1.5484136158908754,1.127498139518097
2026-07-29,AXISBANK.NS/ICICIBANK.NS,True,0.9312435378037122,False,False,2.0706775354655784,-0.3468711495749375
2026-07-29,KOTAKBANK.NS/HDFCBANK.NS,True,0.1768662679431387,False,False,-0.8170016230835938,0.5275536408253881
2026-07-29,SBIN.NS/BANKBARODA.NS,True,0.1701909456747217,False,False,-1.3658046265846753,0.4026798462480632
2026-07-29,TCS.NS/INFY.NS,True,0.4228892173463706,False,False,-1.8669045575835064,1.433320437609189
2026-07-29,INFY.NS/WIPRO.NS,True,0.1855866006490331,False,False,-0.9198853623490636,1.6661856641299446
2026-07-29,HCLTECH.NS/TECHM.NS,True,0.2824085082759505,False,False,1.1902959132209736,-0.2108090429296268
2026-07-29,ACC.NS/AMBUJACEM.NS,True,0.7982829664714093,False,False,0.322632187204759,0.6033758600056395
2026-07-29,ULTRACEMCO.NS/SHREECEM.NS,True,0.2868795089178501,False,False,1.2671187414110467,0.2602615089090369
2026-07-29,IOC.NS/BPCL.NS,True,0.7785569763661273,False,False,2.0784253796951138,0.4892314856753506
2026-07-29,BPCL.NS/HINDPETRO.NS,True,0.3233188465808265,False,False,-2.3924197348163725,-0.1332181809736121
2026-07-29,ONGC.NS/COALINDIA.NS,True,0.0274236994365913,True,False,-0.0771262923727632,0.8350071040996346
2026-07-29,NTPC.NS/POWERGRID.NS,True,0.0724785162098212,False,False,1.0910329808612331,0.3791133107471354
2026-07-29,BAJAJ-AUTO.NS/HEROMOTOCO.NS,True,0.1783066738913474,False,False,-1.3926445088985095,-1.2866819630045432
2026-07-29,TATASTEEL.NS/JSWSTEEL.NS,True,0.6986683688994915,False,False,2.2304717351890337,0.1669631535085015
2026-07-29,SUNPHARMA.NS/CIPLA.NS,True,0.0099194522261301,True,False,0.2640015614554102,-0.1060977912470013
2026-07-30,HDFCBANK.NS/ICICIBANK.NS,True,0.1268590162637226,False,False,1.933710384830176,-0.3510464396308572
2026-07-30,AXISBANK.NS/ICICIBANK.NS,True,0.9312435378037122,False,False,1.987047440954861,-0.3539959426829886
2026-07-30,KOTAKBANK.NS/HDFCBANK.NS,True,0.1768662799214788,False,False,-0.5726336598759733,0.5266697154099427
2026-07-30,SBIN.NS/BANKBARODA.NS,True,0.170190956163672,False,False,-1.633305468900384,0.2977870828875059
2026-07-30,TCS.NS/INFY.NS,True,0.4228893405174446,False,False,-1.6678067208484817,1.4712585654242984
2026-07-30,INFY.NS/WIPRO.NS,True,0.185586345579401,False,False,-0.5008388307123472,1.6633663102566958
2026-07-30,HCLTECH.NS/TECHM.NS,True,0.2824080343658303,False,False,1.5732778762100268,-0.2800156902176354
2026-07-30,ACC.NS/AMBUJACEM.NS,True,0.7982828822709958,False,False,0.7946692418601518,0.6023645833966517
2026-07-30,ULTRACEMCO.NS/SHREECEM.NS,True,0.2868785680759695,False,False,0.7422635503833424,0.3775697597002895
2026-07-30,IOC.NS/BPCL.NS,True,0.7785571536013376,False,False,1.8075565884695213,0.5200560643218026
2026-07-30,BPCL.NS/HINDPETRO.NS,True,0.3233195015231562,False,False,-2.4765832841623614,-0.1694159348104223
2026-07-30,ONGC.NS/COALINDIA.NS,True,0.027423742865798,True,False,-0.0299614121124143,0.8336064671296101
2026-07-30,NTPC.NS/POWERGRID.NS,True,0.072478884678404,False,False,1.2243619502200698,0.3784784324190188
2026-07-30,BAJAJ-AUTO.NS/HEROMOTOCO.NS,True,0.1783065703681967,False,False,-0.2881491305408598,-1.1109934903004424
2026-07-30,TATASTEEL.NS/JSWSTEEL.NS,True,0.6986683381737309,False,False,1.917273579564185,0.2037942780240115
2026-07-30,SUNPHARMA.NS/CIPLA.NS,True,0.0099194596137656,True,False,-0.1280634654372296,-0.1059205185618551
2026-07-31,HDFCBANK.NS/ICICIBANK.NS,True,0.1240275685339862,False,False,2.016964295965187,-0.4056115080209168
2026-07-31,AXISBANK.NS/ICICIBANK.NS,True,0.9190874242416198,False,False,1.90209215768976,-0.3560876575933979
2026-07-31,KOTAKBANK.NS/HDFCBANK.NS,True,0.165117597921494,False,False,-0.7794843275010013,0.5224627597485211
2026-07-31,SBIN.NS/BANKBARODA.NS,True,0.1679445365967587,False,False,-1.5404378591466554,0.3106865031353931
2026-07-31,TCS.NS/INFY.NS,True,0.4189806120475751,False,False,-1.4105970503247252,1.5258664795112638
2026-07-31,INFY.NS/WIPRO.NS,True,0.1826532164257927,False,False,-0.3733988691097779,1.663484270867553
2026-07-31,HCLTECH.NS/TECHM.NS,True,0.28160963069642,False,False,1.2107190868588282,-0.2296699087782986
2026-07-31,ACC.NS/AMBUJACEM.NS,True,0.7946258298544773,False,False,0.3563757205813848,0.6016211111605023
2026-07-31,ULTRACEMCO.NS/SHREECEM.NS,True,0.2979291504658711,False,False,0.2142627551707252,0.5004172049367993
2026-07-31,IOC.NS/BPCL.NS,True,0.8172416545662389,False,False,2.1814481196832194,0.4314469235195423
2026-07-31,BPCL.NS/HINDPETRO.NS,True,0.3182256757825685,False,False,-2.777628946606064,-0.2462120724371306
2026-07-31,ONGC.NS/COALINDIA.NS,True,0.0270516040872466,True,False,-0.0118342734978254,0.833616080861501
2026-07-31,NTPC.NS/POWERGRID.NS,True,0.0763888257062758,False,False,0.8452461923365686,0.3784231238408263
2026-07-31,BAJAJ-AUTO.NS/HEROMOTOCO.NS,True,0.1738262919003166,False,False,-0.0510255581307129,-1.1165801715714592
2026-07-31,TATASTEEL.NS/JSWSTEEL.NS,True,0.6968474290543252,False,False,1.4277915724985435,0.2796100330489952
2026-07-31,SUNPHARMA.NS/CIPLA.NS,True,0.0087033146426083,True,False,0.184556331106465,-0.1059050916310779
2026-08-03,HDFCBANK.NS/ICICIBANK.NS,True,0.0975116972562212,False,False,2.3017120669063167,-0.5328434855375908
2026-08-03,AXISBANK.NS/ICICIBANK.NS,True,0.9217276535289846,False,False,1.7831933295205642,-0.3432699201667708
2026-08-03,KOTAKBANK.NS/HDFCBANK.NS,True,0.1696967055421698,False,False,-1.027481222435923,0.6968932775350396
2026-08-03,SBIN.NS/BANKBARODA.NS,True,0.165075386506015,False,False,-1.409535591609136,0.3380476692265253
2026-08-03,TCS.NS/INFY.NS,True,0.4324007039160528,False,False,-1.514764017756859,1.2092896917797429
2026-08-03,INFY.NS/WIPRO.NS,True,0.1783198955517911,False,False,-0.6144068588547463,1.6678496785128147
2026-08-03,HCLTECH.NS/TECHM.NS,True,0.2355219915686659,False,False,0.5059347526775407,-0.1314238191176453
2026-08-03,ACC.NS/AMBUJACEM.NS,True,0.7829271960480317,False,False,0.8572304876023248,0.6002989543650235
2026-08-03,ULTRACEMCO.NS/SHREECEM.NS,True,0.2573481922361332,False,False,1.1667044477541944,0.497444780964104
2026-08-03,IOC.NS/BPCL.NS,True,0.8024690421431503,False,False,2.5405485421616687,0.333046712080516
2026-08-03,BPCL.NS/HINDPETRO.NS,True,0.3410299578458614,False,False,-3.4085332265124944,-0.4078264924131468
2026-08-03,ONGC.NS/COALINDIA.NS,True,0.023601847064336,True,False,0.0710476029485948,0.8313389773670526
2026-08-03,NTPC.NS/POWERGRID.NS,True,0.0968394378429928,False,False,0.7923146513354299,0.3787400799865758
2026-08-03,BAJAJ-AUTO.NS/HEROMOTOCO.NS,True,0.1948602914938427,False,False,-0.5582461096616648,-1.118767413022127
2026-08-03,TATASTEEL.NS/JSWSTEEL.NS,True,0.7184617891555507,False,False,2.2124781432890432,0.130677302380447
2026-08-03,SUNPHARMA.NS/CIPLA.NS,True,0.0102180288368004,True,False,0.6016886831178739,-0.1041886939728479
2026-08-04,HDFCBANK.NS/ICICIBANK.NS,True,0.0786922697893865,False,False,2.3497346017308005,-0.5962831784868555
2026-08-04,AXISBANK.NS/ICICIBANK.NS,True,0.929204816693719,False,False,1.7500429131314652,-0.3575863923382353
2026-08-04,KOTAKBANK.NS/HDFCBANK.NS,True,0.1689851265794818,False,False,-1.3479964854444422,0.6932472141563797
2026-08-04,SBIN.NS/BANKBARODA.NS,True,0.1593225069531153,False,False,-1.4793078739575796,0.337766518665209
2026-08-04,TCS.NS/INFY.NS,True,0.4420011862051211,False,False,-1.5776152442146567,1.1809535787309495
2026-08-04,INFY.NS/WIPRO.NS,True,0.1812261070956854,False,False,-0.6847824912108609,1.668706925227954
2026-08-04,HCLTECH.NS/TECHM.NS,True,0.1971042420274152,False,False,0.6061374392140778,-0.0542666752709334
2026-08-04,ACC.NS/AMBUJACEM.NS,True,0.8035815226637832,False,False,-0.1426184414191992,0.5992316447137662
2026-08-04,ULTRACEMCO.NS/SHREECEM.NS,True,0.1448570762531867,False,False,1.0186943174266478,0.497385067639736
2026-08-04,IOC.NS/BPCL.NS,True,0.8282528693288349,False,False,2.142252196721227,0.3866353354922252
2026-08-04,BPCL.NS/HINDPETRO.NS,True,0.3428733519694313,False,False,-2.6530301193891823,-0.3172932526188208
2026-08-04,ONGC.NS/COALINDIA.NS,True,0.0226319484791471,True,False,0.1028567169309686,0.830056342511606
2026-08-04,NTPC.NS/POWERGRID.NS,True,0.0892866840201722,False,False,1.0065013655703376,0.3787794774370827
2026-08-04,BAJAJ-AUTO.NS/HEROMOTOCO.NS,True,0.1851165801303264,False,False,1.1098795350853603,-1.1185994669139807
2026-08-04,TATASTEEL.NS/JSWSTEEL.NS,True,0.6927562154070278,False,False,2.4947327888971507,0.0681565925869612
2026-08-04,SUNPHARMA.NS/CIPLA.NS,True,0.010647681410624,True,False,0.0792836759559679,-0.1033990510546004
2026-08-05,HDFCBANK.NS/ICICIBANK.NS,True,0.0814150646203134,False,False,2.308758408480404,-0.6330787611212736
2026-08-05,AXISBANK.NS/ICICIBANK.NS,True,0.9252922629720632,False,False,1.7063909982212024,-0.3673121997613332
2026-08-05,KOTAKBANK.NS/HDFCBANK.NS,True,0.1700634590555637,False,False,-1.6237107148188925,0.6932290346148724
2026-08-05,SBIN.NS/BANKBARODA.NS,True,0.1720766245647267,False,False,-1.5484897392275996,0.2906595668874722
2026-08-05,TCS.NS/INFY.NS,True,0.4640955657480745,False,False,-0.8813030515700008,1.3415002371438935
2026-08-05,INFY.NS/WIPRO.NS,True,0.1815520755684695,False,False,-0.6903003939792313,1.669282027663181
2026-08-05,HCLTECH.NS/TECHM.NS,True,0.17941865004433,False,False,1.0381045825236264,-0.0320179018323595
2026-08-05,ACC.NS/AMBUJACEM.NS,True,0.8019061765857796,False,False,1.2241270846126702,0.5989922206418097
2026-08-05,ULTRACEMCO.NS/SHREECEM.NS,True,0.1420294203279773,False,False,0.8948708840067529,0.3171835167334901
2026-08-05,IOC.NS/BPCL.NS,True,0.8114429214967772,False,False,1.8082752098363568,0.4341440047795689
2026-08-05,BPCL.NS/HINDPETRO.NS,True,0.3447044439592663,False,False,-2.453641706659643,-0.3126709653178324
2026-08-05,ONGC.NS/COALINDIA.NS,True,0.0189867982288525,True,False,0.1028006106789395,0.7502515490131272
2026-08-05,NTPC.NS/POWERGRID.NS,True,0.0926874289698261,False,False,0.2946835270414996,0.3787876280967347
2026-08-05,BAJAJ-AUTO.NS/HEROMOTOCO.NS,True,0.1857955476305955,False,False,1.5726109726531594,-1.1187249767180596
2026-08-05,TATASTEEL.NS/JSWSTEEL.NS,True,0.6863592612481937,False,False,3.3492626218137844,-0.1155257440371571
2026-08-05,SUNPHARMA.NS/CIPLA.NS,True,0.0108415209236122,True,False,0.4412373583234861,-0.1031361748195953
2026-08-06,HDFCBANK.NS/ICICIBANK.NS,False,0.0029637237731669,True,True,-1.548413615890856,1.127498139518094
2026-08-06,AXISBANK.NS/ICICIBANK.NS,True,0.925292382401524,False,False,1.691632632049446,-0.3874378799582123
2026-08-06,KOTAKBANK.NS/HDFCBANK.NS,True,0.1665184190897579,False,False,-1.2559100589178205,0.6884668203676961
2026-08-06,SBIN.NS/BANKBARODA.NS,True,0.1720765563313673,False,False,-1.533727351970331,0.2725453777625288
2026-08-06,TCS.NS/INFY.NS,True,0.4640953146117433,False,False,-0.6258574086002932,1.4035732880563705
2026-08-06,INFY.NS/WIPRO.NS,True,0.1815521841797089,False,False,-0.613279612246333,1.6664577162691068
2026-08-06,HCLTECH.NS/TECHM.NS,True,0.179418029618801,False,False,0.8896152481172507,-0.0319639001470758
2026-08-06,ACC.NS/AMBUJACEM.NS,True,0.803994253313566,False,False,0.2778249504631685,0.5971246445651457
2026-08-06,ULTRACEMCO.NS/SHREECEM.NS,True,0.1433217987385334,False,False,0.1936774682074733,0.4967235748476711
2026-08-06,IOC.NS/BPCL.NS,True,0.8114429694151009,False,False,1.7148189410094732,0.4377931144700952
2026-08-06,BPCL.NS/HINDPETRO.NS,True,0.3447030827511863,False,False,-1.9953593269894483,-0.2463362626168738
2026-08-06,ONGC.NS/COALINDIA.NS,True,0.0189868245287044,True,False,0.2344704739345214,0.7489959326261945
2026-08-06,NTPC.NS/POWERGRID.NS,True,0.0926879174817825,False,False,-0.4356920216169134,0.3781533049748881
2026-08-06,BAJAJ-AUTO.NS/HEROMOTOCO.NS,True,0.1869576696887562,False,False,1.0303222293760264,-1.1166438768881235
2026-08-06,TATASTEEL.NS/JSWSTEEL.NS,True,0.6863593622488419,False,False,2.6778326259920293,-0.0330019467122473
2026-08-06,SUNPHARMA.NS/CIPLA.NS,True,0.0108415035485097,True,False,0.9366006991109672,-0.1029638893468069
2026-08-07,HDFCBANK.NS/ICICIBANK.NS,True,0.0747214204907489,False,False,1.798195342055774,-0.5271129916326451
2026-08-07,AXISBANK.NS/ICICIBANK.NS,True,0.9217027270797729,False,False,1.4177684681292648,-0.3097859231076366
2026-08-07,KOTAKBANK.NS/HDFCBANK.NS,True,0.1665180169695628,False,False,-1.152520357221387,0.6884669558282543
2026-08-07,SBIN.NS/BANKBARODA.NS,True,0.1651190831231746,False,False,-1.6499885384147777,0.2031768520013572
2026-08-07,TCS.NS/INFY.NS,True,0.4879813593903425,False,False,-1.278381829496287,1.2038633403062473
2026-08-07,INFY.NS/WIPRO.NS,True,0.180126974949825,False,False,-0.585654430815457,1.6665307505032547
2026-08-07,HCLTECH.NS/TECHM.NS,True,0.1779816782241555,False,False,0.4357057197990562,-0.0325756522790568
2026-08-07,ACC.NS/AMBUJACEM.NS,True,0.8039946290937353,False,False,0.4995140340596328,0.5971246335590672
2026-08-07,ULTRACEMCO.NS/SHREECEM.NS,True,0.1433221517441395,False,False,-0.1002451507136573,0.4685278478388647
2026-08-07,IOC.NS/BPCL.NS,True,0.8309698422877974,False,False,1.1799813482230996,0.5315656333026669
2026-08-07,BPCL.NS/HINDPETRO.NS,True,0.3325586494552431,False,False,-1.7392815719893857,-0.2117275793765778
2026-08-07,ONGC.NS/COALINDIA.NS,True,0.0192091021210432,True,False,0.1067234858744094,0.7489967765811439
2026-08-07,NTPC.NS/POWERGRID.NS,True,0.0942823385301977,False,False,-0.1494243769171278,0.378134719437354
2026-08-07,BAJAJ-AUTO.NS/HEROMOTOCO.NS,True,0.1869573239025487,False,False,2.229622718719304,-1.1167615413664411
2026-08-07,TATASTEEL.NS/JSWSTEEL.NS,True,0.6762092562629537,False,False,2.424774737377548,-0.0119615999414645
2026-08-07,SUNPHARMA.NS/CIPLA.NS,True,0.010753990312683,True,False,0.5266704918581417,-0.1028853585639797
2026-08-10,HDFCBANK.NS/ICICIBANK.NS,False,0.0029637237731668,True,True,-1.5484136158908754,1.127498139518097
2026-08-10,AXISBANK.NS/ICICIBANK.NS,True,0.9212190702888464,False,False,1.3876694354017267,-0.3167046377247279
2026-08-10,KOTAKBANK.NS/HDFCBANK.NS,True,0.1758708120779759,False,False,-1.267567349142043,1.0043495302744083
2026-08-10,SBIN.NS/BANKBARODA.NS,True,0.1498963278694132,False,False,-1.4295604174374372,0.2654842349331382
2026-08-10,TCS.NS/INFY.NS,True,0.5159598304627037,False,False,-0.7770267565505037,1.3761043684447931
2026-08-10,INFY.NS/WIPRO.NS,True,0.1851698014886569,False,False,-1.0025539792064837,1.6707199794636869
2026-08-10,HCLTECH.NS/TECHM.NS,True,0.1921258312444099,False,False,0.5135154293351675,-0.0149364724566616
2026-08-10,ACC.NS/AMBUJACEM.NS,True,0.8077021150531507,False,False,0.0946990405559938,0.595403853588874
2026-08-10,ULTRACEMCO.NS/SHREECEM.NS,True,0.1101781645488126,False,False,0.0468829624039246,0.4668766766315789
2026-08-10,IOC.NS/BPCL.NS,True,0.7639093811002211,False,False,1.1353544280776913,0.6382180909483447
2026-08-10,BPCL.NS/HINDPETRO.NS,True,0.3411162635358327,False,False,-1.362188843061691,-0.1471320386366309
2026-08-10,ONGC.NS/COALINDIA.NS,True,0.0140185533233062,True,False,-0.2245114143440019,0.7462018578993787
2026-08-10,NTPC.NS/POWERGRID.NS,True,0.1019469197506614,False,False,-0.1549266498578937,0.3789778945178731
2026-08-10,BAJAJ-AUTO.NS/HEROMOTOCO.NS,True,0.1804079370519483,False,False,2.9970149414476435,-1.254307082518198
2026-08-10,TATASTEEL.NS/JSWSTEEL.NS,True,0.6667057912511181,False,False,2.060555941598389,0.0304022041166357
2026-08-10,SUNPHARMA.NS/CIPLA.NS,True,0.010707279538847,True,False,0.6656181795555226,-0.1038458737716945
2026-08-11,HDFCBANK.NS/ICICIBANK.NS,True,0.0752900664952604,False,False,1.7889752742912366,-0.5832216494309335
2026-08-11,AXISBANK.NS/ICICIBANK.NS,True,0.923492017350197,False,False,1.4846412858603066,-0.370195231328402
2026-08-11,KOTAKBANK.NS/HDFCBANK.NS,True,0.1900435354612049,False,False,-1.2470639270902022,0.995145363202754
2026-08-11,SBIN.NS/BANKBARODA.NS,True,0.1460494366090102,False,False,-1.413436373442348,0.2513589918909102
2026-08-11,TCS.NS/INFY.NS,True,0.5282000209580241,False,False,-0.8025147101541672,1.3667964498370355
2026-08-11,INFY.NS/WIPRO.NS,True,0.1840952630086595,False,False,-1.2435611077331936,1.671018680030645
2026-08-11,HCLTECH.NS/TECHM.NS,True,0.1959598979223044,False,False,0.3576262931034639,-0.0227644220766518
2026-08-11,ACC.NS/AMBUJACEM.NS,True,0.7828985949200689,False,False,-0.4882030998204014,0.5433477401966165
2026-08-11,ULTRACEMCO.NS/SHREECEM.NS,True,0.1213483527006847,False,False,-0.4996504781951935,0.4957272030493291
2026-08-11,IOC.NS/BPCL.NS,True,0.7854750499410446,False,False,1.440912695661511,0.569058581633608
2026-08-11,BPCL.NS/HINDPETRO.NS,True,0.3542941469150124,False,False,-1.4206963274187514,-0.1698529316445018
2026-08-11,ONGC.NS/COALINDIA.NS,True,0.0116966618370876,True,False,-0.1747143280137279,0.7447227474068643
2026-08-11,NTPC.NS/POWERGRID.NS,True,0.101516119830825,False,False,-0.2322389438703803,0.3790360281240794
2026-08-11,BAJAJ-AUTO.NS/HEROMOTOCO.NS,True,0.1873429168668322,False,False,2.732713322460815,-1.2422720859477383
2026-08-11,TATASTEEL.NS/JSWSTEEL.NS,True,0.6584943614114264,False,False,1.4887789166477483,0.12286691411419
2026-08-11,SUNPHARMA.NS/CIPLA.NS,True,0.0113334184028138,True,False,0.506007557967889,-0.104235381053483
2026-08-12,HDFCBANK.NS/ICICIBANK.NS,True,0.0878349574751032,False,False,1.7792133503625371,-0.5922112559701858
2026-08-12,AXISBANK.NS/ICICIBANK.NS,True,0.9490052088987626,False,False,1.4486184260108104,-0.4265707770979144
2026-08-12,KOTAKBANK.NS/HDFCBANK.NS,True,0.2003545602389806,False,False,-1.0895022046960026,0.9416330138604296
2026-08-12,SBIN.NS/BANKBARODA.NS,True,0.1351248016313401,False,False,-1.2948513508765205,0.2907698652601082
2026-08-12,TCS.NS/INFY.NS,True,0.5343846521948167,False,False,-0.0678488476584597,1.5299738225795223
2026-08-12,INFY.NS/WIPRO.NS,True,0.1833471412257064,False,False,-1.0292238399829294,1.6712895982191562
2026-08-12,HCLTECH.NS/TECHM.NS,True,0.213023947631118,False,False,-0.2461661285128715,-0.028307597024551
2026-08-12,ACC.NS/AMBUJACEM.NS,True,0.7579926510569981,False,False,-0.7618255512212679,0.5417047674985328
2026-08-12,ULTRACEMCO.NS/SHREECEM.NS,True,0.1264863590870542,False,False,-0.5373925733466658,0.4949542844097537
2026-08-12,IOC.NS/BPCL.NS,True,0.7945121300113861,False,False,1.167330772353833,0.6116180518630476
2026-08-12,BPCL.NS/HINDPETRO.NS,True,0.3373184598820966,False,False,-1.3449859667242157,-0.1646315606505772
2026-08-12,ONGC.NS/COALINDIA.NS,True,0.0093206122366212,True,False,-0.3999974124170437,0.7432310036152374
2026-08-12,NTPC.NS/POWERGRID.NS,True,0.1185082721673917,False,False,-0.1890745460577627,0.3789901654809386
2026-08-12,BAJAJ-AUTO.NS/HEROMOTOCO.NS,True,0.1896452617862712,False,False,2.7421855041502696,-1.2819469446668108
2026-08-12,TATASTEEL.NS/JSWSTEEL.NS,True,0.6579981284402092,False,False,1.1276618834145065,0.18192724101046
2026-08-12,SUNPHARMA.NS/CIPLA.NS,True,0.0111836161161934,True,False,0.4434036738903788,-0.1046845906876377
2026-08-13,HDFCBANK.NS/ICICIBANK.NS,False,0.0029637237731668,True,True,-1.5484136158908754,1.127498139518097
2026-08-13,AXISBANK.NS/ICICIBANK.NS,True,0.949005152391843,False,False,1.2707658163094826,-0.3589429605014446
2026-08-13,KOTAKBANK.NS/HDFCBANK.NS,True,0.19030875943932,False,False,-1.269906028926553,0.9951877458805078
2026-08-13,SBIN.NS/BANKBARODA.NS,True,0.1335079311585787,False,False,-1.4426950386138977,0.2109867506035593
2026-08-13,TCS.NS/INFY.NS,True,0.5511338883928085,False,False,-0.3590979565118009,1.5274094595161103
2026-08-13,INFY.NS/WIPRO.NS,True,0.1836473500662711,False,False,-1.0902587040516647,1.6713814004702894
2026-08-13,HCLTECH.NS/TECHM.NS,True,0.2130238725926599,False,False,0.0961726233251889,-0.0500835408304464
2026-08-13,ACC.NS/AMBUJACEM.NS,True,0.7808232723179384,False,False,-0.697479732253489,0.5428970947938683
2026-08-13,ULTRACEMCO.NS/SHREECEM.NS,True,0.1226405768261666,False,False,-0.7200345973273689,0.4623829879258297
2026-08-13,IOC.NS/BPCL.NS,True,0.7945123526613463,False,False,0.7109791867246747,0.6927698275611905
2026-08-13,BPCL.NS/HINDPETRO.NS,True,0.3373188740182695,False,False,-0.842958674069033,-0.0630675365488628
2026-08-13,ONGC.NS/COALINDIA.NS,True,0.0093206957523116,True,False,-0.4183988677889341,0.7432325495011016
2026-08-13,NTPC.NS/POWERGRID.NS,True,0.1185083678485873,False,False,-0.925329138574839,0.3789902763746663
2026-08-13,BAJAJ-AUTO.NS/HEROMOTOCO.NS,True,0.1874087738658209,False,False,2.420758225930543,-1.533632433200232
2026-08-13,TATASTEEL.NS/JSWSTEEL.NS,True,0.6579980725049968,False,False,1.4726778904364572,0.1056541510862833
2026-08-13,SUNPHARMA.NS/CIPLA.NS,True,0.0111835876369159,True,False,0.4844748321625734,-0.1045088083707903
2026-08-14,HDFCBANK.NS/ICICIBANK.NS,True,0.0854128843310798,False,False,1.487373779634147,-0.5398983880407043
2026-08-14,AXISBANK.NS/ICICIBANK.NS,True,0.92974006714297,False,False,1.328805121187541,-0.3387282066873868
2026-08-14,KOTAKBANK.NS/HDFCBANK.NS,True,0.2003546713123283,False,False,-1.1221385439264722,0.9400515750934166
2026-08-14,SBIN.NS/BANKBARODA.NS,True,0.1333120833106673,False,False,-1.165766302507329,0.2905790311367292
2026-08-14,TCS.NS/INFY.NS,True,0.556800641751039,False,False,-0.289424744326022,1.677613787931305
2026-08-14,INFY.NS/WIPRO.NS,True,0.1817148478924774,False,False,-0.8136229030452203,1.6686180334746217
2026-08-14,HCLTECH.NS/TECHM.NS,True,0.2141223934149937,False,False,0.0745123328241648,-0.0289526262934407
2026-08-14,ACC.NS/AMBUJACEM.NS,True,0.757992725077602,False,False,-0.901895691424081,0.5407971195598066
2026-08-14,ULTRACEMCO.NS/SHREECEM.NS,True,0.1264863433993266,False,False,-1.24796523569073,0.4657794177806493
2026-08-14,IOC.NS/BPCL.NS,True,0.8293643717089514,False,False,1.400675234886111,0.5461251820430734
2026-08-14,BPCL.NS/HINDPETRO.NS,True,0.3225612705247483,False,False,-1.3374856058713982,-0.1744731317595856
2026-08-14,ONGC.NS/COALINDIA.NS,True,0.0092329224225162,True,False,-0.437055720188431,0.741987111800161
2026-08-14,NTPC.NS/POWERGRID.NS,True,0.1117766654609588,False,False,-0.6805007516669983,0.3783388013467429
2026-08-14,BAJAJ-AUTO.NS/HEROMOTOCO.NS,True,0.1896447661364218,False,False,1.8101751562814128,-1.1575720140088204
2026-08-14,TATASTEEL.NS/JSWSTEEL.NS,True,0.6861089949872293,False,False,1.3884588547147734,0.1860327596093731
2026-08-14,SUNPHARMA.NS/CIPLA.NS,True,0.0111048090639413,True,False,0.1574350656340683,-0.1045851268810796
2026-08-17,HDFCBANK.NS/ICICIBANK.NS,True,0.0862945879423584,False,False,1.3733539610202716,-0.5138827287892676
2026-08-17,AXISBANK.NS/ICICIBANK.NS,True,0.8638926922760879,False,False,1.1720796975322645,-0.2948972629220318
2026-08-17,KOTAKBANK.NS/HDFCBANK.NS,True,0.1535049279055205,False,False,-1.1060119126948773,0.931303250764148
2026-08-17,SBIN.NS/BANKBARODA.NS,True,0.1423870768072501,False,False,-1.147796494075123,0.2835197742423709
2026-08-17,TCS.NS/INFY.NS,True,0.5444210979576724,False,False,-0.3880482100489609,1.6842171094714389
2026-08-17,INFY.NS/WIPRO.NS,True,0.1833839320820841,False,False,-0.524373612793111,1.672448347525594
2026-08-17,HCLTECH.NS/TECHM.NS,True,0.2104356413964738,False,False,0.2581667137452673,-0.0611422945506771
2026-08-17,ACC.NS/AMBUJACEM.NS,True,0.793037380765842,False,False,-1.1082321029405084,0.5381040046591518
2026-08-17,ULTRACEMCO.NS/SHREECEM.NS,True,0.1327427156184182,False,False,-1.5480642158076303,0.459523984608816
2026-08-17,IOC.NS/BPCL.NS,True,0.8239964453072399,False,False,1.1810312021691347,0.5770603037995791
2026-08-17,BPCL.NS/HINDPETRO.NS,True,0.3093182722099556,False,False,-1.178471310851717,-0.1520761251356849
2026-08-17,ONGC.NS/COALINDIA.NS,True,0.0090415710141332,True,False,-0.6649751454024752,0.73876014094577
2026-08-17,NTPC.NS/POWERGRID.NS,True,0.1169889498627972,False,False,-0.4212462137588513,0.378226220563282
2026-08-17,BAJAJ-AUTO.NS/HEROMOTOCO.NS,True,0.1761070865966126,False,False,1.557974648754016,-1.1242100938557114
2026-08-17,TATASTEEL.NS/JSWSTEEL.NS,True,0.6825418083231473,False,False,1.4080863887503836,0.1113879682655131
2026-08-17,SUNPHARMA.NS/CIPLA.NS,True,0.0112344137638852,True,False,0.3498295361242639,-0.1051439337036987
2026-08-18,HDFCBANK.NS/ICICIBANK.NS,True,0.0891400616946017,False,False,1.4103483863499162,-0.6865116132036947
2026-08-18,AXISBANK.NS/ICICIBANK.NS,True,0.820076003646887,False,False,0.949922340647398,-0.396819969295958
2026-08-18,KOTAKBANK.NS/HDFCBANK.NS,True,0.140986588815832,False,False,-0.9823190097409182,0.9300893968014438
2026-08-18,SBIN.NS/BANKBARODA.NS,True,0.139549122912275,False,False,-1.1639109840867077,0.2619940666577143
2026-08-18,TCS.NS/INFY.NS,True,0.5476068129311503,False,False,-0.5474318658754822,1.6886539538438718
2026-08-18,INFY.NS/WIPRO.NS,True,0.1843132119880207,False,False,-0.5585765847679744,1.67013429026913
2026-08-18,HCLTECH.NS/TECHM.NS,True,0.2365176907382348,False,False,0.4041944358337332,-0.0676606763015802
2026-08-18,ACC.NS/AMBUJACEM.NS,True,0.7980247943704677,False,False,-1.0809381046399849,0.5364028043130888
2026-08-18,ULTRACEMCO.NS/SHREECEM.NS,True,0.1476392759931941,False,False,-1.1886080141217552,0.463054704753338
2026-08-18,IOC.NS/BPCL.NS,True,0.8365183226563326,False,False,0.5389728696428038,0.685255072987406
2026-08-18,BPCL.NS/HINDPETRO.NS,True,0.3064585340248796,False,False,-0.8238107167636,-0.0865346528685706
2026-08-18,ONGC.NS/COALINDIA.NS,True,0.0086338543238859,True,False,-1.0331069164149147,0.7370628497911076
2026-08-18,NTPC.NS/POWERGRID.NS,True,0.1132797837541392,False,False,-0.2610274209666955,0.3782308204541903
2026-08-18,BAJAJ-AUTO.NS/HEROMOTOCO.NS,True,0.1765840412746816,False,False,1.6282929818234857,-1.151887606405534
2026-08-18,TATASTEEL.NS/JSWSTEEL.NS,True,0.6962967670017394,False,False,0.9734319415272844,0.4366510239582808
2026-08-18,SUNPHARMA.NS/CIPLA.NS,True,0.0115137476110566,True,False,0.4634798896666673,-0.1054656215763041
2026-08-19,HDFCBANK.NS/ICICIBANK.NS,False,0.0029637237731668,True,True,-1.5484136158908754,1.127498139518097
2026-08-19,AXISBANK.NS/ICICIBANK.NS,True,0.8238985964818123,False,False,0.9347605452345876,-0.3882859330955797
2026-08-19,KOTAKBANK.NS/HDFCBANK.NS,True,0.1365060115960154,False,False,-1.1577011161574302,0.9063913586220882
2026-08-19,SBIN.NS/BANKBARODA.NS,True,0.1372575070328323,False,False,-1.0355911210259916,0.3088900732301161
2026-08-19,TCS.NS/INFY.NS,True,0.5491937537806049,False,False,-0.5654480215912473,1.6919328797124555
2026-08-19,INFY.NS/WIPRO.NS,True,0.1814306440944035,False,False,-0.3915980273093072,1.670611341424673
2026-08-19,HCLTECH.NS/TECHM.NS,True,0.2133471787572485,False,False,-0.5679097061228645,-0.0735023295730313
2026-08-19,ACC.NS/AMBUJACEM.NS,True,0.7976544421052405,False,False,-1.423059028146502,0.533797901300536
2026-08-19,ULTRACEMCO.NS/SHREECEM.NS,True,0.1466444004997267,False,False,-1.5737996806985697,0.4893722652051217
2026-08-19,IOC.NS/BPCL.NS,True,0.8942927664958163,False,False,0.4367570337211607,0.405033012600038
2026-08-19,BPCL.NS/HINDPETRO.NS,True,0.2927525909551584,False,False,-0.3791404072237198,0.0218862651295842
2026-08-19,ONGC.NS/COALINDIA.NS,True,0.0079820583274123,True,False,-1.4040336744257569,0.7365728140903341
2026-08-19,NTPC.NS/POWERGRID.NS,True,0.1013070498335148,False,False,-0.7837979060299319,0.3789490168562887
2026-08-19,BAJAJ-AUTO.NS/HEROMOTOCO.NS,True,0.1771676470995846,False,False,1.2896004991228478,-1.3706060347354465
2026-08-19,TATASTEEL.NS/JSWSTEEL.NS,True,0.6988547211922793,False,False,1.772106221472008,0.2630188177450734
2026-08-19,SUNPHARMA.NS/CIPLA.NS,True,0.012166088995529,True,False,-0.3816835647976186,-0.1058440737578119
2026-08-20,HDFCBANK.NS/ICICIBANK.NS,False,0.0029637237731668,True,True,-1.5484136158908754,1.127498139518097
2026-08-20,AXISBANK.NS/ICICIBANK.NS,True,0.823898600810733,False,False,0.8478589884728835,-0.3658684863699353
2026-08-20,KOTAKBANK.NS/HDFCBANK.NS,True,0.1365060612204199,False,False,-1.3492816033339838,0.9079158509084606
2026-08-20,SBIN.NS/BANKBARODA.NS,True,0.1372576099558127,False,False,-1.0245509348540065,0.2990575849812193
2026-08-20,TCS.NS/INFY.NS,True,0.6033400525952477,False,False,-0.4291676353121981,1.6945253073907258
2026-08-20,INFY.NS/WIPRO.NS,True,0.1886550546276814,False,False,-0.3521234143009005,1.6705823116734064
2026-08-20,HCLTECH.NS/TECHM.NS,True,0.2133475890195421,False,False,-0.2509078267070019,-0.0732943329233118
2026-08-20,ACC.NS/AMBUJACEM.NS,True,0.7976543257688743,False,False,-1.1621079953306377,0.5346937956424539
2026-08-20,ULTRACEMCO.NS/SHREECEM.NS,True,0.1466447271441347,False,False,-1.6382442512604285,0.4590399764407783
2026-08-20,IOC.NS/BPCL.NS,True,0.894293462293101,False,False,0.7340775464444289,0.3980821413640998
2026-08-20,BPCL.NS/HINDPETRO.NS,True,0.2927518171083825,False,False,-0.8517344319744096,0.0147791973726193
2026-08-20,ONGC.NS/COALINDIA.NS,True,0.0079820539026386,True,False,-1.2720540233841249,0.7353376317735815
2026-08-20,NTPC.NS/POWERGRID.NS,True,0.1013068847437124,False,False,-0.6927656333216025,0.3789489565573252
2026-08-20,BAJAJ-AUTO.NS/HEROMOTOCO.NS,True,0.1771673393615652,False,False,1.1352819807915286,-1.331764031287218
2026-08-20,TATASTEEL.NS/JSWSTEEL.NS,True,0.6988549765130287,False,False,2.286151951974744,0.15045143260677
2026-08-20,SUNPHARMA.NS/CIPLA.NS,True,0.0114465309265746,True,False,0.1801398817838715,-0.1059000355309721
2026-08-21,HDFCBANK.NS/ICICIBANK.NS,False,0.0029637237731668,True,True,-1.5484136158908754,1.127498139518097
2026-08-21,AXISBANK.NS/ICICIBANK.NS,True,0.8328392929414252,False,False,0.918154760390028,-0.414625651653437
2026-08-21,KOTAKBANK.NS/HDFCBANK.NS,True,0.1327424011175715,False,False,-1.5394022232517448,0.9019013357405278
2026-08-21,SBIN.NS/BANKBARODA.NS,True,0.1349224043636185,False,False,-0.825751613967026,0.3561145480094608
2026-08-21,TCS.NS/INFY.NS,True,0.5879310945242469,False,False,-0.6230180104672246,1.8103690522099
2026-08-21,INFY.NS/WIPRO.NS,True,0.1925854114622878,False,False,-0.1121502559921242,1.6705749152250384
2026-08-21,HCLTECH.NS/TECHM.NS,True,0.2447877539696824,False,False,-0.1111157032279244,-0.0766010535348848
2026-08-21,ACC.NS/AMBUJACEM.NS,True,0.7663802906922204,False,False,-0.7767712155187083,0.5312525082732074
2026-08-21,ULTRACEMCO.NS/SHREECEM.NS,True,0.1422980959508845,False,False,-1.6214227890880355,0.4930370246142472
2026-08-21,IOC.NS/BPCL.NS,True,0.77851399851188,False,False,0.9808370817338142,0.3987129800107187
2026-08-21,BPCL.NS/HINDPETRO.NS,True,0.2907263842551597,False,False,-1.084003761698766,-0.186772161398409
2026-08-21,ONGC.NS/COALINDIA.NS,True,0.0087601570235628,True,False,-0.7804602652418622,0.8189109614922478
2026-08-21,NTPC.NS/POWERGRID.NS,True,0.0920462700180631,False,False,-0.1459452289377267,0.3783029293163555
2026-08-21,BAJAJ-AUTO.NS/HEROMOTOCO.NS,True,0.1742584600144874,False,False,1.2144055935509024,-1.0927520745111234
2026-08-21,TATASTEEL.NS/JSWSTEEL.NS,True,0.6873826321241977,False,False,1.9557236869363,0.1779486184798806
2026-08-21,SUNPHARMA.NS/CIPLA.NS,True,0.0113269858288492,True,False,-0.0152139805040459,-0.1059652487878676
2026-08-24,HDFCBANK.NS/ICICIBANK.NS,True,0.1080581233579555,False,False,1.1394552131079343,-0.6462971043365082
2026-08-24,AXISBANK.NS/ICICIBANK.NS,True,0.8304179969022183,False,False,0.9349479926289092,-0.4327993035999425
2026-08-24,KOTAKBANK.NS/HDFCBANK.NS,True,0.1283916614611833,False,False,-1.3773085852502625,0.9006983441728925
2026-08-24,SBIN.NS/BANKBARODA.NS,True,0.1284375107892122,False,False,-1.0220534182690764,0.0179914475898494
2026-08-24,TCS.NS/INFY.NS,True,0.5785010806868143,False,False,-0.2130061651025993,1.80135473864227
2026-08-24,INFY.NS/WIPRO.NS,True,0.1864087011612645,False,False,-0.2236412554110793,1.6721672995384564
2026-08-24,HCLTECH.NS/TECHM.NS,True,0.231655170145471,False,False,-0.7803051456771901,0.2410161858020565
2026-08-24,ACC.NS/AMBUJACEM.NS,True,0.6799425935320689,False,False,-1.7477813815130565,0.5286335563942711
2026-08-24,ULTRACEMCO.NS/SHREECEM.NS,True,0.1442022850621078,False,False,-1.7835225909357604,0.4847391055158312
2026-08-24,IOC.NS/BPCL.NS,True,0.7882036822664811,False,False,0.4774882429090644,0.4799227589663047
2026-08-24,BPCL.NS/HINDPETRO.NS,True,0.2992277230175713,False,False,-0.3682293527180146,-0.1884779163612835
2026-08-24,ONGC.NS/COALINDIA.NS,True,0.0072571506453467,True,False,-0.6522998467758274,0.6850920592800248
2026-08-24,NTPC.NS/POWERGRID.NS,True,0.0951717680074516,False,False,-0.3180803144199004,0.3785848787413761
2026-08-24,BAJAJ-AUTO.NS/HEROMOTOCO.NS,True,0.1759958688458833,False,False,0.6606171778018507,-0.9874004476791158
2026-08-24,TATASTEEL.NS/JSWSTEEL.NS,True,0.6878674326167089,False,False,2.566571902153837,0.0142677382737255
2026-08-24,SUNPHARMA.NS/CIPLA.NS,True,0.0123152944012692,True,False,0.061913581852485,-0.218607386757505
2026-08-25,HDFCBANK.NS/ICICIBANK.NS,True,0.1243328581359011,False,False,1.2215609990726457,-0.6906051008525707
2026-08-25,AXISBANK.NS/ICICIBANK.NS,True,0.8212117082231182,False,False,0.9951523315099868,-0.4658906996246016
2026-08-25,KOTAKBANK.NS/HDFCBANK.NS,True,0.1235884896096373,False,False,-1.4191475503441362,0.9009905098139718
2026-08-25,SBIN.NS/BANKBARODA.NS,True,0.1265961117128825,False,False,-1.120580951803697,-0.0360827750444492
2026-08-25,TCS.NS/INFY.NS,True,0.590093710506349,False,False,-0.0274433701203347,1.804404185133864
2026-08-25,INFY.NS/WIPRO.NS,True,0.1769447405455698,False,False,-0.93463726734256,1.6729056000666749
2026-08-25,HCLTECH.NS/TECHM.NS,True,0.1242097755933201,False,False,0.0392082650699647,0.2509454238407102
2026-08-25,ACC.NS/AMBUJACEM.NS,True,0.6851333847600609,False,False,-0.95716576429597,0.5267041175999811
2026-08-25,ULTRACEMCO.NS/SHREECEM.NS,True,0.1272465942067537,False,False,-1.373630405076466,0.4841609860481666
2026-08-25,IOC.NS/BPCL.NS,True,0.7582435081195367,False,False,1.1477775702984168,0.4796160371323646
2026-08-25,BPCL.NS/HINDPETRO.NS,True,0.3009886731593786,False,False,-1.0213121532757836,-0.1890280977774584
2026-08-25,ONGC.NS/COALINDIA.NS,True,0.0061734849256163,True,False,-0.5501327527777117,0.7771709034235579
2026-08-25,NTPC.NS/POWERGRID.NS,True,0.0929854754018928,False,False,-0.5046557868050283,0.3787369070549286
2026-08-25,BAJAJ-AUTO.NS/HEROMOTOCO.NS,True,0.1758519058853862,False,False,0.0120866557306574,-0.8466727955041512
2026-08-25,TATASTEEL.NS/JSWSTEEL.NS,True,0.6874415052714998,False,False,2.1441914785587843,0.0760243781406373
2026-08-25,SUNPHARMA.NS/CIPLA.NS,True,0.011958726200653,True,False,-0.7925950917303499,-0.219189031528579
2026-08-26,HDFCBANK.NS/ICICIBANK.NS,True,0.1083972799808058,False,False,1.2719140978397685,-0.7234067265243048
2026-08-26,AXISBANK.NS/ICICIBANK.NS,True,0.8032879223043943,False,False,0.83583204121246,-0.417796789836641
2026-08-26,KOTAKBANK.NS/HDFCBANK.NS,True,0.1261085054174674,False,False,-2.0078954786140013,0.898132828292388
2026-08-26,SBIN.NS/BANKBARODA.NS,True,0.1276350347333529,False,False,-1.0406224457147604,-0.0174813666570718
2026-08-26,TCS.NS/INFY.NS,True,0.6382931744663265,False,False,-0.2366323287387759,1.7376740035574876
2026-08-26,INFY.NS/WIPRO.NS,True,0.1750965751462745,False,False,-0.7954061694259323,1.6737766749315708
2026-08-26,HCLTECH.NS/TECHM.NS,True,0.1239248879255194,False,False,-0.5408933440154382,0.0988259539886016
2026-08-26,ACC.NS/AMBUJACEM.NS,True,0.6857338741409721,False,False,-0.8059226000157,0.5245500268310093
2026-08-26,ULTRACEMCO.NS/SHREECEM.NS,True,0.120767705885605,False,False,-0.9682225598807642,0.4816295893003836
2026-08-26,IOC.NS/BPCL.NS,True,0.8024810633512294,False,False,0.9825219452918392,0.4776300046859077
2026-08-26,BPCL.NS/HINDPETRO.NS,True,0.294014622547023,False,False,-0.7506597285548093,-0.189261781268828
2026-08-26,ONGC.NS/COALINDIA.NS,True,0.0050772537632853,True,False,-0.3591176831980311,0.7754078502415472
2026-08-26,NTPC.NS/POWERGRID.NS,True,0.0969027176369464,False,False,-0.8216811391976093,0.3789343931314712
2026-08-26,BAJAJ-AUTO.NS/HEROMOTOCO.NS,True,0.1753414288616111,False,False,0.2824557631039869,-0.8627882265177904
2026-08-26,TATASTEEL.NS/JSWSTEEL.NS,True,0.6696085195417333,False,False,2.508160104204889,-0.2321056372433317
2026-08-26,SUNPHARMA.NS/CIPLA.NS,True,0.0115863975079104,True,False,-1.109028719441004,-0.2189560294184648
2026-08-27,HDFCBANK.NS/ICICIBANK.NS,True,0.108397173885443,False,False,1.2719140972964589,-0.7234062456073153
2026-08-27,AXISBANK.NS/ICICIBANK.NS,True,0.8032879668083489,False,False,0.8358320381327035,-0.4177967732343578
2026-08-27,KOTAKBANK.NS/HDFCBANK.NS,True,0.1261087494410794,False,False,-2.00789551565416,0.8981327688008398
2026-08-27,SBIN.NS/BANKBARODA.NS,True,0.127635185386922,False,False,-1.0406224464720817,-0.0174813708129914
2026-08-27,TCS.NS/INFY.NS,True,0.6382931165403329,False,False,-0.2366323618901335,1.7376719542440977
2026-08-27,INFY.NS/WIPRO.NS,True,0.175096687662536,False,False,-0.7954061693609593,1.673776318909174
2026-08-27,HCLTECH.NS/TECHM.NS,True,0.1239249622973058,False,False,-0.5408934312490585,0.0988263140025023
2026-08-27,ACC.NS/AMBUJACEM.NS,True,0.6857338622295941,False,False,-0.8059225971368748,0.5245500226173234
2026-08-27,ULTRACEMCO.NS/SHREECEM.NS,True,0.120767564370807,False,False,-0.968222579077812,0.4816305145868066
2026-08-27,IOC.NS/BPCL.NS,True,0.802480971040136,False,False,0.9825219432662856,0.4776287414524406
2026-08-27,BPCL.NS/HINDPETRO.NS,True,0.2940158362368748,False,False,-0.7506597262683692,-0.1892625651440163
2026-08-27,ONGC.NS/COALINDIA.NS,True,0.0050772554844223,True,False,-0.3591176162557778,0.7754084606380772
2026-08-27,NTPC.NS/POWERGRID.NS,True,0.0969027185008771,False,False,-0.8216810812092368,0.3789343843765241
2026-08-27,BAJAJ-AUTO.NS/HEROMOTOCO.NS,True,0.1753413211646353,False,False,0.2824557270574035,-0.8627868543225518
2026-08-27,TATASTEEL.NS/JSWSTEEL.NS,True,0.6696084802921484,False,False,2.508160104947656,-0.2321056345381541
2026-08-27,SUNPHARMA.NS/CIPLA.NS,True,0.0115864025979015,True,False,-1.1090287182118492,-0.2189560125576272
2026-08-28,HDFCBANK.NS/ICICIBANK.NS,True,0.1079449367872772,False,False,1.694548377664133,-0.8908515974026353
2026-08-28,AXISBANK.NS/ICICIBANK.NS,True,0.8021266357222401,False,False,0.9336512995894662,-0.4626372929666353
2026-08-28,KOTAKBANK.NS/HDFCBANK.NS,True,0.1227871144800707,False,False,-2.5345752741550704,0.6378963762564908
2026-08-28,SBIN.NS/BANKBARODA.NS,True,0.1312179958293388,False,False,-0.9892683911569862,-0.0101489890296478
2026-08-28,TCS.NS/INFY.NS,True,0.6435204628690865,False,False,-0.1738006681316517,1.7374113885784916
2026-08-28,INFY.NS/WIPRO.NS,True,0.1911985101165276,False,False,-0.7304229172331725,1.6737036052912588
2026-08-28,HCLTECH.NS/TECHM.NS,True,0.1033141457566181,False,False,0.5944453028398896,0.0972469268424209
2026-08-28,ACC.NS/AMBUJACEM.NS,True,0.627246385127803,False,False,-1.6031399430329232,0.5233447070667128
2026-08-28,ULTRACEMCO.NS/SHREECEM.NS,True,0.1202984646890844,False,False,-1.3565136781025298,0.4833689581213906
2026-08-28,IOC.NS/BPCL.NS,True,0.8134722852973921,False,False,1.39167725076567,0.4775788457021013
2026-08-28,BPCL.NS/HINDPETRO.NS,True,0.2924816006211205,False,False,-1.1472907398948826,-0.1890859889417409
2026-08-28,ONGC.NS/COALINDIA.NS,True,0.0061304809588362,True,False,-0.5953975407827078,0.7128818428089949
2026-08-28,NTPC.NS/POWERGRID.NS,True,0.0982552176983552,False,False,-0.326006907113035,0.378943731895317
2026-08-28,BAJAJ-AUTO.NS/HEROMOTOCO.NS,True,0.1747007174175216,False,False,0.0065445192399062,-0.862791325969237
2026-08-28,TATASTEEL.NS/JSWSTEEL.NS,True,0.6886853712685724,False,False,2.350739669475004,-0.0479961971965868
2026-08-28,SUNPHARMA.NS/CIPLA.NS,True,0.010854984305078,True,False,-0.670326109508164,-0.2189900257713531
2026-08-31,HDFCBANK.NS/ICICIBANK.NS,True,0.0966342657161504,False,False,1.2218902699928242,-0.7296096249157031
2026-08-31,AXISBANK.NS/ICICIBANK.NS,True,0.8092630947190524,False,False,0.5946491169473672,-0.3488075299009912
2026-08-31,KOTAKBANK.NS/HDFCBANK.NS,True,0.1237604109609336,False,False,-2.1771105114634923,0.7088158178428635
2026-08-31,SBIN.NS/BANKBARODA.NS,True,0.1266218080017853,False,False,-0.957623021672876,-0.0629473384350166
2026-08-31,TCS.NS/INFY.NS,True,0.6103480784432943,False,False,-0.462342154628566,2.3195157921807934
2026-08-31,INFY.NS/WIPRO.NS,True,0.193109127042307,False,False,-0.6989061747793134,1.6798165458957826
2026-08-31,HCLTECH.NS/TECHM.NS,True,0.1031703133219471,False,False,1.5859758766640562,0.0810820652345004
2026-08-31,ACC.NS/AMBUJACEM.NS,True,0.5310482374997665,False,False,-1.173836290937234,0.4937564062168491
2026-08-31,ULTRACEMCO.NS/SHREECEM.NS,True,0.117967504067926,False,False,-1.734877350178557,0.5164518149891708
2026-08-31,IOC.NS/BPCL.NS,True,0.7870038007943501,False,False,1.6136637343282787,0.4748931240716793
2026-08-31,BPCL.NS/HINDPETRO.NS,True,0.2947689565582032,False,False,-1.9042258984183151,-0.192033486175098
2026-08-31,ONGC.NS/COALINDIA.NS,True,0.0027566083988373,True,True,-0.5444289659523285,0.4856592630096461
2026-08-31,NTPC.NS/POWERGRID.NS,True,0.1008950914754245,False,False,0.0270396465471261,0.3797876337732134
2026-08-31,BAJAJ-AUTO.NS/HEROMOTOCO.NS,True,0.1779796529598704,False,False,-0.1854532693218644,-0.8646168213748427
2026-08-31,TATASTEEL.NS/JSWSTEEL.NS,True,0.702147053326831,False,False,2.3516564263105515,-0.2973050471099224
2026-08-31,SUNPHARMA.NS/CIPLA.NS,True,0.0103007051771223,True,False,-0.6704179434835236,-0.2203940323576715
2026-09-01,HDFCBANK.NS/ICICIBANK.NS,True,0.103021556027137,False,False,1.4418971114250303,-0.8272244797934335
2026-09-01,AXISBANK.NS/ICICIBANK.NS,True,0.8087556908597857,False,False,0.7878927930613957,-0.4298923698754043
2026-09-01,KOTAKBANK.NS/HDFCBANK.NS,True,0.1220962216610404,False,False,-2.1522696036651365,0.6282987956522648
2026-09-01,SBIN.NS/BANKBARODA.NS,True,0.1332961315823882,False,False,-0.9904859736078644,-0.1023258167234394
2026-09-01,TCS.NS/INFY.NS,True,0.608257128447789,False,False,-0.4212698345037268,2.3190238702736856
2026-09-01,INFY.NS/WIPRO.NS,True,0.213995920830534,False,False,-1.0643591208083871,1.6782927198447295
2026-09-01,HCLTECH.NS/TECHM.NS,True,0.0940718357833115,False,False,0.1943240178608473,0.0750724751591854
2026-09-01,ACC.NS/AMBUJACEM.NS,True,0.5830005098742929,False,False,-1.6906680772822442,0.534161011324701
2026-09-01,ULTRACEMCO.NS/SHREECEM.NS,True,0.1110382498897367,False,False,-2.0414308821314155,0.2418785172172737
2026-09-01,IOC.NS/BPCL.NS,True,0.7978530960871701,False,False,1.486213427158175,0.4206617922605726
2026-09-01,BPCL.NS/HINDPETRO.NS,True,0.301011537260977,False,False,-1.6349646553987964,-0.0889199079788778
2026-09-01,ONGC.NS/COALINDIA.NS,True,0.0032762118836381,True,False,-0.98509379874028,0.483136041863718
2026-09-01,NTPC.NS/POWERGRID.NS,True,0.0946120960769271,False,False,0.1379322890154253,0.3793878130156238
2026-09-01,BAJAJ-AUTO.NS/HEROMOTOCO.NS,True,0.1781513386183855,False,False,-1.540505629930549,-0.8632264264693532
2026-09-01,TATASTEEL.NS/JSWSTEEL.NS,True,0.6764609872058023,False,False,1.6500312418459269,-0.1840524106124338
2026-09-01,SUNPHARMA.NS/CIPLA.NS,True,0.0107891499349749,True,False,-0.7264569549706419,-0.0220753200045617
2026-09-02,HDFCBANK.NS/ICICIBANK.NS,True,0.093930704312743,False,False,1.4719899790468336,-0.7709761928391878
2026-09-02,AXISBANK.NS/ICICIBANK.NS,True,0.8199223495048513,False,False,0.6776454931155542,-0.4009567537702301
2026-09-02,KOTAKBANK.NS/HDFCBANK.NS,True,0.12463852028643,False,False,-2.178683581927347,0.5691695353411927
2026-09-02,SBIN.NS/BANKBARODA.NS,True,0.1350369804588754,False,False,-0.5742701064390665,-0.0150437220178503
2026-09-02,TCS.NS/INFY.NS,True,0.626325716145133,False,False,-0.542756056729579,2.322160851287389
2026-09-02,INFY.NS/WIPRO.NS,True,0.2318047863488676,False,False,-1.8818266468940856,1.6791649476151886
2026-09-02,HCLTECH.NS/TECHM.NS,True,0.1036953443891122,False,False,0.2836190047368724,0.0418562397576733
2026-09-02,ACC.NS/AMBUJACEM.NS,True,0.5593384484549968,False,False,-1.3843203492765834,0.5543482461303966
2026-09-02,ULTRACEMCO.NS/SHREECEM.NS,True,0.1331979596625118,False,False,-1.8109623976502456,0.2955046740976775
2026-09-02,IOC.NS/BPCL.NS,True,0.8086368994252449,False,False,1.6339798709977695,0.4195103148202004
2026-09-02,BPCL.NS/HINDPETRO.NS,True,0.307283377163293,False,False,-2.1584861854165065,-0.2103456888012789
2026-09-02,ONGC.NS/COALINDIA.NS,True,0.0046243077453987,True,False,0.2299604791129991,0.4813948301198081
2026-09-02,NTPC.NS/POWERGRID.NS,True,0.0988349589265285,False,False,-0.4257855874574775,0.3797376653563298
2026-09-02,BAJAJ-AUTO.NS/HEROMOTOCO.NS,True,0.1773822527289083,False,False,-2.3578091823676943,-0.8632614605015831
2026-09-02,TATASTEEL.NS/JSWSTEEL.NS,True,0.7051090329853268,False,False,1.4080558624375787,-0.1370532099673597
2026-09-02,SUNPHARMA.NS/CIPLA.NS,True,0.0115778942349618,True,False,-1.1282316751967043,-0.0781266883150664
2026-09-03,HDFCBANK.NS/ICICIBANK.NS,True,0.1001383180706142,False,False,1.3461890978604776,-0.7828265228632663
2026-09-03,AXISBANK.NS/ICICIBANK.NS,True,0.8105963434260357,False,False,0.5449166419223112,-0.363874037930903
2026-09-03,KOTAKBANK.NS/HDFCBANK.NS,True,0.1303701531776571,False,False,-1.8992290907711884,0.6394485845493587
2026-09-03,SBIN.NS/BANKBARODA.NS,True,0.1335102352051607,False,False,-0.6293089555345004,-0.0451105881958791
2026-09-03,TCS.NS/INFY.NS,True,0.636173173560245,False,False,-0.3995930734092872,2.3265720228504136
2026-09-03,INFY.NS/WIPRO.NS,True,0.2257851878016227,False,False,-1.8636826954291896,1.6791070396334031
2026-09-03,HCLTECH.NS/TECHM.NS,True,0.2113038918821867,False,False,-0.2688062620608003,0.0401933602798597
2026-09-03,ACC.NS/AMBUJACEM.NS,True,0.570800635523371,False,False,-1.2031982550751987,0.5701317023838893
2026-09-03,ULTRACEMCO.NS/SHREECEM.NS,True,0.1882091521837226,False,False,-1.5052483679395774,0.384862071105309
2026-09-03,IOC.NS/BPCL.NS,True,0.8301453805364502,False,False,1.4703158290556588,0.4199590624920977
2026-09-03,BPCL.NS/HINDPETRO.NS,True,0.3015108789871275,False,False,-1.9018839443972244,-0.1780894678920034
2026-09-03,ONGC.NS/COALINDIA.NS,True,0.0046142890443515,True,False,0.5922690925503974,0.4813898810830607
2026-09-03,NTPC.NS/POWERGRID.NS,True,0.0939020513729966,False,False,-0.8057266819592788,0.3797222819469157
2026-09-03,BAJAJ-AUTO.NS/HEROMOTOCO.NS,True,0.1799531885318578,False,False,-1.7575061907829652,-0.7623021326509328
2026-09-03,TATASTEEL.NS/JSWSTEEL.NS,True,0.7005099297921928,False,False,1.383063306355048,-0.1474679530905138
2026-09-03,SUNPHARMA.NS/CIPLA.NS,True,0.0116712178182913,True,False,-1.4590538913758968,-0.1278634909554498
2026-09-04,HDFCBANK.NS/ICICIBANK.NS,True,0.09618080745518076,False,False,1.1258701833684583,-0.6925413407987258
2026-09-04,AXISBANK.NS/ICICIBANK.NS,True,0.8431347929191978,False,False,0.3714057570088646,-0.3140219547128748
2026-09-04,KOTAKBANK.NS/HDFCBANK.NS,True,0.1324710240888854,False,False,-1.84282126090836,0.6260806231773938
2026-09-04,SBIN.NS/BANKBARODA.NS,True,0.13242491900320735,False,False,-0.606002552696405,-0.04585744839521006
2026-09-04,TCS.NS/INFY.NS,True,0.6255153166790982,False,False,-0.152010200451162,2.3307534743263583
2026-09-04,INFY.NS/WIPRO.NS,True,0.21339029061682713,False,False,-1.5809397729848746,1.6790974639440601
2026-09-04,HCLTECH.NS/TECHM.NS,True,0.19495919257456468,False,False,0.5836185921914258,0.03881795728976845
2026-09-04,ACC.NS/AMBUJACEM.NS,True,0.5706824974600863,False,False,-1.6853156060654084,0.533464533800783
2026-09-04,ULTRACEMCO.NS/SHREECEM.NS,True,0.24735315731930196,False,False,-1.610053905850946,0.351453229824755
2026-09-04,IOC.NS/BPCL.NS,True,0.8425549383516853,False,False,0.8342609106431013,0.4204927263648435
2026-09-04,BPCL.NS/HINDPETRO.NS,True,0.34301980846437585,False,False,-1.7303389015378805,-0.157599008919872
2026-09-04,ONGC.NS/COALINDIA.NS,True,0.004496060647481896,True,False,0.6844996313247754,0.4813894862046592
2026-09-04,NTPC.NS/POWERGRID.NS,True,0.10328756957408775,False,False,-0.9792893277182717,0.3796952706243672
2026-09-04,BAJAJ-AUTO.NS/HEROMOTOCO.NS,True,0.1753043971675916,False,False,-1.7242624052567195,-0.7709473269736404
2026-09-04,TATASTEEL.NS/JSWSTEEL.NS,True,0.6858155667394722,False,False,1.4061854044692954,0.08062268689896322
2026-09-04,SUNPHARMA.NS/CIPLA.NS,True,0.01138819650654434,True,False,-1.4500910030883907,-0.1341731025285771
